source,target,prevalence,ancestry
T2D_EAS,HP:0005978,0.0572,EAS
T2D_OCE,HP:0005978,0.0967,OCE
T2D_SAS,HP:0005978,0.0781,SAS
T2D_EUR,HP:0005978,0.0452,EUR
T2D_AMR,HP:0005978,0.0725,AMR
T2D_GME,HP:0005978,0.1151,GME
T2D_AFR,HP:0005978,0.0457,AFR
Obesity_EAS,HP:0001513,0.1935,EAS
Obesity_OCE,HP:0001513,0.2452,OCE
Obesity_SAS,HP:0001513,0.1097,SAS
Obesity_EUR,HP:0001513,0.2687,EUR
Obesity_AMR,HP:0001513,0.3266,AMR
Obesity_GME,HP:0001513,0.3587,GME
Obesity_AFR,HP:0001513,0.1607,AFR
Hypertension_EAS,HP:0000822,0.34,EAS
Hypertension_OCE,HP:0000822,0.35,OCE
Hypertension_SAS,HP:0000822,0.375,SAS
Hypertension_EUR,HP:0000822,0.31,EUR
Hypertension_AMR,HP:0000822,0.295,AMR
Hypertension_GME,HP:0000822,0.27,GME
Hypertension_AFR,HP:0000822,0.44,AFR
Hyperglycemia_EAS,HP:0003074,0.162,EAS
Hyperglycemia_OCE,HP:0003074,0.215,OCE
Hyperglycemia_SAS,HP:0003074,0.243,SAS
Hyperglycemia_EUR,HP:0003074,0.114,EUR
Hyperglycemia_AMR,HP:0003074,0.158,AMR
Hyperglycemia_GME,HP:0003074,0.191,GME
Hyperglycemia_AFR,HP:0003074,0.185,AFR
