source_hpo,target_hpo,lin_similarity
HP:0005978,HP:0003074,0.7272
HP:0005978,HP:0000818,0.5974
HP:0005978,HP:0012337,0.6969
HP:0005978,HP:0011013,0.2809
HP:0005978,HP:0011015,0.7871
HP:0005978,HP:0001939,0.3857
HP:0005978,HP:0020347,0.2668
HP:0005978,HP:0430071,0.3423
HP:0005978,HP:0011014,0.834
HP:0005978,HP:0000819,0.9205
HP:0005978,HP:0000855,0.7446
HP:0005978,HP:0001952,0.9044
HP:0005978,HP:0032180,0.344
HP:0005978,HP:0001397,0.2487
HP:0005978,HP:0003292,0.4163
HP:0005978,HP:0000823,0.4386
HP:0005978,HP:0000815,0.4163
HP:0005978,HP:0011748,0.4163
HP:0005978,HP:0008163,0.4163
HP:0005978,HP:6000419,0.4163
HP:0005978,HP:0000044,0.4163
HP:0005978,HP:0040216,0.4163
HP:0003074,HP:0012337,0.712
HP:0003074,HP:0011013,0.8403
HP:0003074,HP:0011015,0.9161
HP:0003074,HP:0001939,0.3961
HP:0003074,HP:0020347,0.8996
HP:0003074,HP:0430071,0.5808
HP:0003074,HP:0011014,0.8502
HP:0003074,HP:0000819,0.786
HP:0003074,HP:0000855,0.7574
HP:0003074,HP:0001952,0.798
HP:0003074,HP:0032180,0.5734
HP:0003074,HP:0001397,0.253
HP:0000118,HP:0001939,0.0603
HP:0031819,HP:0004324,0.7746
HP:0031819,HP:0001513,0.7602
HP:0031819,HP:0001507,0.7277
HP:0031819,HP:0004323,0.8257
HP:0031819,HP:0031818,0.961
HP:0031819,HP:0000823,0.6018
HP:0000818,HP:0000819,0.6661
HP:0000818,HP:0003292,0.5787
HP:0000818,HP:0000823,0.6226
HP:0000818,HP:0000815,0.5787
HP:0000818,HP:0011748,0.5787
HP:0000818,HP:0008163,0.5787
HP:0000818,HP:6000419,0.5787
HP:0000818,HP:0000044,0.5787
HP:0000818,HP:0040216,0.5787
HP:0004324,HP:0001513,0.9793
HP:0004324,HP:0001507,0.8246
HP:0004324,HP:0004323,0.9261
HP:0004324,HP:0031818,0.808
HP:0004324,HP:0000823,0.6666
HP:0012337,HP:0011013,0.3866
HP:0012337,HP:0011015,0.7909
HP:0012337,HP:0001939,0.6175
HP:0012337,HP:0020347,0.3604
HP:0012337,HP:0430071,0.5134
HP:0012337,HP:0011014,0.8556
HP:0012337,HP:0000819,0.7709
HP:0012337,HP:0000855,0.7345
HP:0012337,HP:0001952,0.7863
HP:0012337,HP:0032180,0.5173
HP:0012337,HP:0001397,0.3281
HP:0001513,HP:0001507,0.8046
HP:0001513,HP:0004323,0.9055
HP:0001513,HP:0031818,0.7923
HP:0001513,HP:0000823,0.6535
HP:0011013,HP:0011015,0.9232
HP:0011013,HP:0001939,0.5084
HP:0011013,HP:0020347,0.9398
HP:0011013,HP:0430071,0.7219
HP:0011013,HP:0011014,0.3374
HP:0011013,HP:0000819,0.3075
HP:0011013,HP:0000855,0.2945
HP:0011013,HP:0001952,0.313
HP:0011013,HP:0032180,0.7136
HP:0011013,HP:0001397,0.2945
HP:0001507,HP:0004323,0.8972
HP:0001507,HP:0031818,0.7642
HP:0001507,HP:0000823,0.7767
HP:0011015,HP:0001939,0.4522
HP:0011015,HP:0020347,0.9833
HP:0011015,HP:0430071,0.6525
HP:0011015,HP:0011014,0.9333
HP:0011015,HP:0000819,0.8565
HP:0011015,HP:0000855,0.8227
HP:0011015,HP:0001952,0.8707
HP:0011015,HP:0032180,0.6446
HP:0011015,HP:0001397,0.2747
HP:0001939,HP:0020347,0.464
HP:0001939,HP:0430071,0.7526
HP:0001939,HP:0011014,0.5007
HP:0001939,HP:0000819,0.4377
HP:0001939,HP:0000855,0.4118
HP:0001939,HP:0001952,0.4489
HP:0001939,HP:0032180,0.7611
HP:0001939,HP:0001397,0.4118
HP:0004323,HP:0031818,0.8637
HP:0004323,HP:0000823,0.7132
HP:0020347,HP:0430071,0.6672
HP:0020347,HP:0011014,0.3172
HP:0020347,HP:0000819,0.2907
HP:0020347,HP:0000855,0.279
HP:0020347,HP:0001952,0.2956
HP:0020347,HP:0032180,0.6592
HP:0020347,HP:0001397,0.279
HP:0430071,HP:0011014,0.43
HP:0430071,HP:0000819,0.3826
HP:0430071,HP:0000855,0.3627
HP:0430071,HP:0001952,0.3912
HP:0430071,HP:0032180,0.991
HP:0430071,HP:0001397,0.3627
HP:0011014,HP:0000819,0.9123
HP:0011014,HP:0000855,0.8741
HP:0011014,HP:0001952,0.9285
HP:0011014,HP:0032180,0.4327
HP:0011014,HP:0001397,0.2919
HP:0000819,HP:0000855,0.8064
HP:0000819,HP:0001952,0.9837
HP:0000819,HP:0032180,0.3848
HP:0000819,HP:0001397,0.2693
HP:0000819,HP:0003292,0.4486
HP:0000819,HP:0000823,0.4746
HP:0000819,HP:0000815,0.4486
HP:0000819,HP:0011748,0.4486
HP:0000819,HP:0008163,0.4486
HP:0000819,HP:6000419,0.4486
HP:0000819,HP:0000044,0.4486
HP:0000819,HP:0040216,0.4486
HP:0031818,HP:0000823,0.6266
HP:0000855,HP:0001952,0.819
HP:0000855,HP:0032180,0.3647
HP:0000855,HP:0001397,0.2593
HP:0001952,HP:0032180,0.3935
HP:0001952,HP:0001397,0.2735
HP:0032180,HP:0001397,0.3647
HP:0000822,HP:0005117,0.8434
HP:0000822,HP:0004972,0.8434
HP:0000822,HP:0004421,0.8641
HP:0000798,HP:0000815,0.6182
HP:0000798,HP:0000044,0.6182
HP:0003292,HP:0000823,0.4284
HP:0003292,HP:0000815,0.4072
HP:0003292,HP:0011748,0.4072
HP:0003292,HP:0008163,0.5233
HP:0003292,HP:6000419,0.5233
HP:0003292,HP:0000044,0.4072
HP:0003292,HP:0040216,0.5233
HP:0002591,HP:0100738,0.8822
HP:0002591,HP:0000718,0.5979
HP:0002591,HP:0000712,0.4827
HP:0002591,HP:0011748,0.2141
HP:0100738,HP:0000718,0.6742
HP:0100738,HP:0000712,0.5396
HP:0100738,HP:0011748,0.2394
HP:0000718,HP:0000712,0.6898
HP:0000718,HP:0011748,0.2297
HP:0000823,HP:0000815,0.7555
HP:0000823,HP:0011748,0.4284
HP:0000823,HP:0008163,0.4284
HP:0000823,HP:6000419,0.4284
HP:0000823,HP:0000044,0.7555
HP:0000823,HP:0040216,0.4284
HP:0000712,HP:0011748,0.2141
HP:0000815,HP:0011748,0.4072
HP:0000815,HP:0008163,0.4072
HP:0000815,HP:6000419,0.4072
HP:0000815,HP:0000044,0.881
HP:0000815,HP:0040216,0.4072
HP:0011748,HP:0008163,0.4072
HP:0011748,HP:6000419,0.4072
HP:0011748,HP:0000044,0.4072
HP:0011748,HP:0040216,0.4072
HP:0008163,HP:6000419,0.5233
HP:0008163,HP:0000044,0.4072
HP:0008163,HP:0040216,0.5233
HP:6000419,HP:0000044,0.4072
HP:6000419,HP:0040216,0.5233
HP:0000044,HP:0040216,0.4072
HP:0005117,HP:0004972,0.7747
HP:0005117,HP:0004421,0.7921
HP:0004972,HP:0004421,0.7921
