rsid,eaf,target_ancestry,target_phenotype,edge_attr
rs7903146,0.291585,ANC_EUR,HP:0005978,[0.291585]
rs7756992,0.266896,ANC_EUR,HP:0005978,[0.266896]
rs10811661,0.173605,ANC_EUR,HP:0005978,[0.173605]
rs6767484,0.312261,ANC_EUR,HP:0005978,[0.312261]
rs3802177,0.311281,ANC_EUR,HP:0005978,[0.311281]
rs9928094,0.42602,ANC_EUR,HP:0005978,[0.42602]
rs849135,0.499052,ANC_EUR,HP:0005978,[0.499052]
rs1111875,0.408262,ANC_EUR,HP:0005978,[0.408262]
rs1801214,0.599585,ANC_EUR,HP:0005978,[0.599585]
rs2943656,0.635133,ANC_EUR,HP:0005978,[0.635133]
rs10830963,0.275768,ANC_EUR,HP:0005978,[0.275768]
rs11708067,0.23899,ANC_EUR,HP:0005978,[0.23899]
rs7607777,0.105906,ANC_EUR,HP:0005978,[0.105906]
rs1552224,0.15421,ANC_EUR,HP:0005978,[0.15421]
rs1899951,0.123288,ANC_EUR,HP:0005978,[0.123288]
rs1359790,0.2867,ANC_EUR,HP:0005978,[0.2867]
rs2796441,0.416458,ANC_EUR,HP:0005978,[0.416458]
rs13389219,0.394368,ANC_EUR,HP:0005978,[0.394368]
rs516946,0.760633,ANC_EUR,HP:0005978,[0.760633]
rs780094,0.612845,ANC_EUR,HP:0005978,[0.612845]
rs5215,0.639941,ANC_EUR,HP:0005978,[0.639941]
rs6960043,0.521837,ANC_EUR,HP:0005978,[0.521837]
rs1063355,0.602436,ANC_EUR,HP:0005978,[0.602436]
rs72802358,0.101594,ANC_EUR,HP:0005978,[0.101594]
rs1496653,0.204782,ANC_EUR,HP:0005978,[0.204782]
rs340874,0.563904,ANC_EUR,HP:0005978,[0.563904]
rs459193,0.745338,ANC_EUR,HP:0005978,[0.745338]
rs7729395,0.0509409,ANC_EUR,HP:0005978,[0.0509409]
rs11257655,0.206773,ANC_EUR,HP:0005978,[0.206773]
rs2261181,0.09647,ANC_EUR,HP:0005978,[0.09647]
rs10842994,0.197025,ANC_EUR,HP:0005978,[0.197025]
rs7177055,0.718289,ANC_EUR,HP:0005978,[0.718289]
rs8108269,0.281015,ANC_EUR,HP:0005978,[0.281015]
rs17168486,0.173603,ANC_EUR,HP:0005978,[0.173603]
rs243019,0.455831,ANC_EUR,HP:0005978,[0.455831]
rs10974438,0.351215,ANC_EUR,HP:0005978,[0.351215]
rs6795735,0.410912,ANC_EUR,HP:0005978,[0.410912]
rs61953351,0.249902,ANC_EUR,HP:0005978,[0.249902]
rs8068804,0.325097,ANC_EUR,HP:0005978,[0.325097]
rs13234269,0.492515,ANC_EUR,HP:0005978,[0.492515]
rs2296173,0.212011,ANC_EUR,HP:0005978,[0.212011]
rs9894220,0.43374,ANC_EUR,HP:0005978,[0.43374]
rs825476,0.580549,ANC_EUR,HP:0005978,[0.580549]
rs3217992,0.369901,ANC_EUR,HP:0005978,[0.369901]
rs6878122,0.681791,ANC_EUR,HP:0005978,[0.681791]
rs2820426,0.610058,ANC_EUR,HP:0005978,[0.610058]
rs12910825,0.360391,ANC_EUR,HP:0005978,[0.360391]
rs10401969,0.0765858,ANC_EUR,HP:0005978,[0.0765858]
rs17791513,0.0605985,ANC_EUR,HP:0005978,[0.0605985]
rs12970134,0.26512,ANC_EUR,HP:0005978,[0.26512]
rs853974,0.737586,ANC_EUR,HP:0005978,[0.737586]
rs2925979,0.70085,ANC_EUR,HP:0005978,[0.70085]
rs12088739,0.0898481,ANC_EUR,HP:0005978,[0.0898481]
rs4865796,0.69309,ANC_EUR,HP:0005978,[0.69309]
rs7572970,0.722047,ANC_EUR,HP:0005978,[0.722047]
rs576674,0.832515,ANC_EUR,HP:0005978,[0.832515]
rs735949,0.14115,ANC_EUR,HP:0005978,[0.14115]
rs753270,0.583535,ANC_EUR,HP:0005978,[0.583535]
rs12617659,0.147238,ANC_EUR,HP:0005978,[0.147238]
rs1050226,0.406792,ANC_EUR,HP:0005978,[0.406792]
rs4686471,0.609775,ANC_EUR,HP:0005978,[0.609775]
rs72892910,0.172394,ANC_EUR,HP:0005978,[0.172394]
rs9844972,0.0697229,ANC_EUR,HP:0005978,[0.0697229]
rs9369425,0.708185,ANC_EUR,HP:0005978,[0.708185]
rs2493394,0.107338,ANC_EUR,HP:0005978,[0.107338]
rs12299509,0.478622,ANC_EUR,HP:0005978,[0.478622]
rs7685296,0.279365,ANC_EUR,HP:0005978,[0.279365]
rs13239186,0.302029,ANC_EUR,HP:0005978,[0.302029]
rs622217,0.483932,ANC_EUR,HP:0005978,[0.483932]
rs2058913,0.565008,ANC_EUR,HP:0005978,[0.565008]
rs4823182,0.335748,ANC_EUR,HP:0005978,[0.335748]
rs2867125,0.827825,ANC_EUR,HP:0005978,[0.827825]
rs993380,0.66555,ANC_EUR,HP:0005978,[0.66555]
rs67232546,0.209222,ANC_EUR,HP:0005978,[0.209222]
rs840967,0.605922,ANC_EUR,HP:0005978,[0.605922]
rs7674212,0.408864,ANC_EUR,HP:0005978,[0.408864]
rs10100265,0.61049,ANC_EUR,HP:0005978,[0.61049]
rs7955901,0.556668,ANC_EUR,HP:0005978,[0.556668]
rs2237892,0.0624896,ANC_EUR,HP:0005978,[0.0624896]
rs9940149,0.178556,ANC_EUR,HP:0005978,[0.178556]
rs2246618,0.307253,ANC_EUR,HP:0005978,[0.307253]
rs1758632,0.623407,ANC_EUR,HP:0005978,[0.623407]
rs12945601,0.613603,ANC_EUR,HP:0005978,[0.613603]
rs348330,0.633451,ANC_EUR,HP:0005978,[0.633451]
rs7929543,0.0831599,ANC_EUR,HP:0005978,[0.0831599]
rs55966194,0.281312,ANC_EUR,HP:0005978,[0.281312]
rs17405722,0.0741526,ANC_EUR,HP:0005978,[0.0741526]
rs10087241,0.594893,ANC_EUR,HP:0005978,[0.594893]
rs1061813,0.537119,ANC_EUR,HP:0005978,[0.537119]
rs2908282,0.177395,ANC_EUR,HP:0005978,[0.177395]
rs7845219,0.492786,ANC_EUR,HP:0005978,[0.492786]
rs16988333,0.0904035,ANC_EUR,HP:0005978,[0.0904035]
rs7786095,0.10386,ANC_EUR,HP:0005978,[0.10386]
rs10114341,0.440754,ANC_EUR,HP:0005978,[0.440754]
rs6785040,0.15066,ANC_EUR,HP:0005978,[0.15066]
rs2299383,0.423455,ANC_EUR,HP:0005978,[0.423455]
rs6059662,0.663176,ANC_EUR,HP:0005978,[0.663176]
rs13330951,0.488314,ANC_EUR,HP:0005978,[0.488314]
rs2294120,0.455879,ANC_EUR,HP:0005978,[0.455879]
rs7144011,0.221063,ANC_EUR,HP:0005978,[0.221063]
rs6494307,0.426225,ANC_EUR,HP:0005978,[0.426225]
rs11926707,0.625556,ANC_EUR,HP:0005978,[0.625556]
rs11098676,0.787639,ANC_EUR,HP:0005978,[0.787639]
rs10740322,0.687104,ANC_EUR,HP:0005978,[0.687104]
rs7240767,0.383677,ANC_EUR,HP:0005978,[0.383677]
rs963740,0.294299,ANC_EUR,HP:0005978,[0.294299]
rs11925227,0.183439,ANC_EUR,HP:0005978,[0.183439]
rs4812829,0.160871,ANC_EUR,HP:0005978,[0.160871]
rs1127655,0.529064,ANC_EUR,HP:0005978,[0.529064]
rs17086692,0.313426,ANC_EUR,HP:0005978,[0.313426]
rs3756784,0.185838,ANC_EUR,HP:0005978,[0.185838]
rs7561798,0.482171,ANC_EUR,HP:0005978,[0.482171]
rs4622883,0.508544,ANC_EUR,HP:0005978,[0.508544]
rs17411031,0.261729,ANC_EUR,HP:0005978,[0.261729]
rs6515236,0.24933,ANC_EUR,HP:0005978,[0.24933]
rs11107116,0.219714,ANC_EUR,HP:0005978,[0.219714]
rs17631783,0.26346,ANC_EUR,HP:0005978,[0.26346]
rs10077431,0.214668,ANC_EUR,HP:0005978,[0.214668]
rs7903146,0.3095,ANC_SAS,HP:0005978,[0.3095]
rs34782298,0.4282,ANC_SAS,HP:0005978,[0.4282]
rs10811661,0.1372,ANC_SAS,HP:0005978,[0.1372]
rs7766070,0.2663,ANC_SAS,HP:0005978,[0.2663]
rs6103716,0.3806,ANC_SAS,HP:0005978,[0.3806]
rs10786053,0.5423,ANC_SAS,HP:0005978,[0.5423]
rs2877716,0.7738,ANC_SAS,HP:0005978,[0.7738]
rs35859536,0.2369,ANC_SAS,HP:0005978,[0.2369]
rs234866,0.3086,ANC_SAS,HP:0005978,[0.3086]
rs7100710,0.7478,ANC_SAS,HP:0005978,[0.7478]
rs4973727,0.2681,ANC_SAS,HP:0005978,[0.2681]
rs2237897,0.3679,ANC_EAS,HP:0005978,[0.3679]
rs9350271,0.4225,ANC_EAS,HP:0005978,[0.4225]
rs10965248,0.437,ANC_EAS,HP:0005978,[0.437]
rs35906730,0.7355,ANC_EAS,HP:0005978,[0.7355]
rs13266634,0.4143,ANC_EAS,HP:0005978,[0.4143]
rs13092876,0.3122,ANC_EAS,HP:0005978,[0.3122]
rs7901695,0.0382,ANC_EAS,HP:0005978,[0.0382]
rs11257657,0.4832,ANC_EAS,HP:0005978,[0.4832]
rs7501939,0.7023,ANC_EAS,HP:0005978,[0.7023]
rs35589574,0.1121,ANC_EAS,HP:0005978,[0.1121]
rs1421085,0.1668,ANC_EAS,HP:0005978,[0.1668]
rs16884229,0.3345,ANC_EAS,HP:0005978,[0.3345]
rs7656416,0.3167,ANC_EAS,HP:0005978,[0.3167]
rs11926494,0.18,ANC_EAS,HP:0005978,[0.18]
rs8037894,0.4144,ANC_EAS,HP:0005978,[0.4144]
rs7507912,0.2633,ANC_EAS,HP:0005978,[0.2633]
rs17072370,0.2787,ANC_EAS,HP:0005978,[0.2787]
rs9870576,0.3521,ANC_EAS,HP:0005978,[0.3521]
rs256904,0.4923,ANC_EAS,HP:0005978,[0.4923]
rs2796441,0.6103,ANC_EAS,HP:0005978,[0.6103]
rs10011838,0.507,ANC_EAS,HP:0005978,[0.507]
rs4237150,0.4262,ANC_EAS,HP:0005978,[0.4262]
rs476828,0.243,ANC_EAS,HP:0005978,[0.243]
rs4736999,0.4525,ANC_EAS,HP:0005978,[0.4525]
rs952471,0.3949,ANC_EAS,HP:0005978,[0.3949]
rs4148646,0.6154,ANC_EAS,HP:0005978,[0.6154]
rs376993806,0.8821,ANC_EAS,HP:0005978,[0.8821]
rs58718028,0.3409,ANC_EAS,HP:0005978,[0.3409]
rs11374208,0.9591,ANC_EAS,HP:0005978,[0.9591]
rs3852529,0.164,ANC_EAS,HP:0005978,[0.164]
rs2289488,0.3147,ANC_EAS,HP:0005978,[0.3147]
rs7895832,0.177,ANC_EAS,HP:0005978,[0.177]
rs186568031,0.0942,ANC_EAS,HP:0005978,[0.0942]
rs10795946,0.2264,ANC_EAS,HP:0005978,[0.2264]
rs8026714,0.486,ANC_EAS,HP:0005978,[0.486]
rs742762,0.2882,ANC_EAS,HP:0005978,[0.2882]
rs12698877,0.3362,ANC_EAS,HP:0005978,[0.3362]
rs17168486,0.4181,ANC_EAS,HP:0005978,[0.4181]
rs1260326,0.4562,ANC_EAS,HP:0005978,[0.4562]
rs10507349,0.434,ANC_EAS,HP:0005978,[0.434]
rs12625671,0.442,ANC_EAS,HP:0005978,[0.442]
rs7109575,0.0552,ANC_EAS,HP:0005978,[0.0552]
rs3751236,0.3283,ANC_EAS,HP:0005978,[0.3283]
rs12907887,0.229,ANC_EAS,HP:0005978,[0.229]
rs62286764,0.6477,ANC_EAS,HP:0005978,[0.6477]
rs10950550,0.3168,ANC_EAS,HP:0005978,[0.3168]
rs3735641,0.7395,ANC_EAS,HP:0005978,[0.7395]
rs4930974,0.2693,ANC_EAS,HP:0005978,[0.2693]
rs703980,0.4334,ANC_EAS,HP:0005978,[0.4334]
rs9368194,0.5343,ANC_EAS,HP:0005978,[0.5343]
rs9523295,0.1676,ANC_EAS,HP:0005978,[0.1676]
rs28691713,0.4448,ANC_EAS,HP:0005978,[0.4448]
rs6731688,0.908,ANC_EAS,HP:0005978,[0.908]
rs117267808,0.0782,ANC_EAS,HP:0005978,[0.0782]
rs10886863,0.6641,ANC_EAS,HP:0005978,[0.6641]
rs3869115,0.1681,ANC_EAS,HP:0005978,[0.1681]
rs7250869,0.4663,ANC_EAS,HP:0005978,[0.4663]
rs35503308,0.7264,ANC_EAS,HP:0005978,[0.7264]
rs28599782,0.209,ANC_EAS,HP:0005978,[0.209]
rs55783344,0.1838,ANC_EAS,HP:0005978,[0.1838]
rs2583934,0.3396,ANC_EAS,HP:0005978,[0.3396]
rs2780215,0.1082,ANC_EAS,HP:0005978,[0.1082]
rs39233,0.2231,ANC_EAS,HP:0005978,[0.2231]
rs111246699,0.2572,ANC_EAS,HP:0005978,[0.2572]
rs243018,0.6656,ANC_EAS,HP:0005978,[0.6656]
rs4544248,0.0777,ANC_EAS,HP:0005978,[0.0777]
rs7787720,0.4209,ANC_EAS,HP:0005978,[0.4209]
rs4403739,0.9714,ANC_EAS,HP:0005978,[0.9714]
rs1575972,0.0483,ANC_EAS,HP:0005978,[0.0483]
rs11205766,0.0969,ANC_EAS,HP:0005978,[0.0969]
rs12712928,0.4022,ANC_EAS,HP:0005978,[0.4022]
rs8043085,0.4493,ANC_EAS,HP:0005978,[0.4493]
rs9379084,0.2014,ANC_EAS,HP:0005978,[0.2014]
rs410504,0.9555,ANC_EAS,HP:0005978,[0.9555]
rs9788635,0.2437,ANC_EAS,HP:0005978,[0.2437]
rs2327777,0.5492,ANC_EAS,HP:0005978,[0.5492]
rs3094508,0.2441,ANC_EAS,HP:0005978,[0.2441]
rs57373996,0.0483,ANC_EAS,HP:0005978,[0.0483]
rs76878791,0.3219,ANC_EAS,HP:0005978,[0.3219]
rs7107784,0.9055,ANC_EAS,HP:0005978,[0.9055]
rs4078098,0.0312,ANC_EAS,HP:0005978,[0.0312]
rs62112368,0.0625,ANC_EAS,HP:0005978,[0.0625]
rs16918226,0.2059,ANC_EAS,HP:0005978,[0.2059]
rs80196932,0.2141,ANC_EAS,HP:0005978,[0.2141]
rs10852123,0.799,ANC_EAS,HP:0005978,[0.799]
rs7304270,0.2386,ANC_EAS,HP:0005978,[0.2386]
rs3135911,0.4324,ANC_EAS,HP:0005978,[0.4324]
rs1182444,0.4947,ANC_EAS,HP:0005978,[0.4947]
rs9461650,0.208,ANC_EAS,HP:0005978,[0.208]
rs4273712,0.4688,ANC_EAS,HP:0005978,[0.4688]
rs3735567,0.2224,ANC_EAS,HP:0005978,[0.2224]
rs6416749,0.6254,ANC_EAS,HP:0005978,[0.6254]
rs7900112,0.5141,ANC_EAS,HP:0005978,[0.5141]
rs532504,0.2133,ANC_EAS,HP:0005978,[0.2133]
rs1426371,0.5089,ANC_EAS,HP:0005978,[0.5089]
rs201018682,0.1838,ANC_EAS,HP:0005978,[0.1838]
rs73856630,0.3338,ANC_EAS,HP:0005978,[0.3338]
rs340875,0.537,ANC_EAS,HP:0005978,[0.537]
rs4739515,0.4617,ANC_EAS,HP:0005978,[0.4617]
rs838720,0.4045,ANC_EAS,HP:0005978,[0.4045]
rs59317019,0.2932,ANC_EAS,HP:0005978,[0.2932]
rs1513275,0.7836,ANC_EAS,HP:0005978,[0.7836]
rs75990271,0.1848,ANC_EAS,HP:0005978,[0.1848]
rs3963364,0.05,ANC_EAS,HP:0005978,[0.05]
rs1459513,0.6093,ANC_EAS,HP:0005978,[0.6093]
rs7313668,0.3742,ANC_EAS,HP:0005978,[0.3742]
rs238763,0.3217,ANC_EAS,HP:0005978,[0.3217]
rs61779313,0.1506,ANC_EAS,HP:0005978,[0.1506]
rs1328412,0.0552,ANC_EAS,HP:0005978,[0.0552]
rs73347525,0.2444,ANC_EAS,HP:0005978,[0.2444]
rs58524310,0.3268,ANC_EAS,HP:0005978,[0.3268]
rs2908279,0.627,ANC_EAS,HP:0005978,[0.627]
rs2092518,0.3388,ANC_EAS,HP:0005978,[0.3388]
rs988748,0.5648,ANC_EAS,HP:0005978,[0.5648]
rs123378,0.8049,ANC_EAS,HP:0005978,[0.8049]
rs12818766,0.2787,ANC_EAS,HP:0005978,[0.2787]
rs72874858,0.1108,ANC_EAS,HP:0005978,[0.1108]
rs10938398,0.2921,ANC_EAS,HP:0005978,[0.2921]
rs60573766,0.3653,ANC_EAS,HP:0005978,[0.3653]
rs2269245,0.1847,ANC_EAS,HP:0005978,[0.1847]
rs149265787,0.0239,ANC_EAS,HP:0005978,[0.0239]
rs1266488,0.4125,ANC_EAS,HP:0005978,[0.4125]
rs147707338,0.0695,ANC_EAS,HP:0005978,[0.0695]
rs62173901,0.0313,ANC_EAS,HP:0005978,[0.0313]
rs4286946,0.3521,ANC_EAS,HP:0005978,[0.3521]
rs9948462,0.7048,ANC_EAS,HP:0005978,[0.7048]
rs475002,0.5184,ANC_EAS,HP:0005978,[0.5184]
rs12437434,0.2873,ANC_EAS,HP:0005978,[0.2873]
rs1850421,0.7223,ANC_EAS,HP:0005978,[0.7223]
rs4499362,0.361,ANC_EAS,HP:0005978,[0.361]
rs9866168,0.6394,ANC_EAS,HP:0005978,[0.6394]
rs34642578,0.0533,ANC_EAS,HP:0005978,[0.0533]
rs73085586,0.3563,ANC_EAS,HP:0005978,[0.3563]
rs149336329,0.0506,ANC_EAS,HP:0005978,[0.0506]
rs61975988,0.5431,ANC_EAS,HP:0005978,[0.5431]
rs12610052,0.3068,ANC_EAS,HP:0005978,[0.3068]
rs35917376,0.6207,ANC_EAS,HP:0005978,[0.6207]
rs3837848,0.3491,ANC_EAS,HP:0005978,[0.3491]
rs146716733,0.1317,ANC_EAS,HP:0005978,[0.1317]
rs6885132,0.444,ANC_EAS,HP:0005978,[0.444]
rs7090695,0.5569,ANC_EAS,HP:0005978,[0.5569]
rs2240885,0.4027,ANC_EAS,HP:0005978,[0.4027]
rs3887925,0.4542,ANC_EAS,HP:0005978,[0.4542]
rs261982,0.414,ANC_EAS,HP:0005978,[0.414]
rs34811727,0.0767,ANC_EAS,HP:0005978,[0.0767]
rs9316706,0.6495,ANC_EAS,HP:0005978,[0.6495]
rs62405419,0.2682,ANC_EAS,HP:0005978,[0.2682]
rs2980883,0.6312,ANC_EAS,HP:0005978,[0.6312]
rs6012878,0.4428,ANC_EAS,HP:0005978,[0.4428]
rs1206684,0.4799,ANC_EAS,HP:0005978,[0.4799]
rs10860209,0.411,ANC_EAS,HP:0005978,[0.411]
rs9390022,0.2003,ANC_EAS,HP:0005978,[0.2003]
rs896852,0.7002,ANC_EAS,HP:0005978,[0.7002]
rs13086331,0.1813,ANC_EAS,HP:0005978,[0.1813]
rs2074120,0.677,ANC_EAS,HP:0005978,[0.677]
rs76203868,0.2572,ANC_EAS,HP:0005978,[0.2572]
rs633862,0.5422,ANC_EAS,HP:0005978,[0.5422]
rs11426513,0.5033,ANC_EAS,HP:0005978,[0.5033]
rs391933,0.545,ANC_EAS,HP:0005978,[0.545]
rs55700915,0.4344,ANC_EAS,HP:0005978,[0.4344]
rs2706710,0.0813,ANC_EAS,HP:0005978,[0.0813]
rs7084330,0.3365,ANC_EAS,HP:0005978,[0.3365]
rs2126736,0.5721,ANC_EAS,HP:0005978,[0.5721]
rs77789961,0.2517,ANC_EAS,HP:0005978,[0.2517]
rs7210161,0.502,ANC_EAS,HP:0005978,[0.502]
rs1016565,0.4209,ANC_EAS,HP:0005978,[0.4209]
rs329122,0.3865,ANC_EAS,HP:0005978,[0.3865]
rs62485379,0.073,ANC_EAS,HP:0005978,[0.073]
rs349359,0.2424,ANC_EAS,HP:0005978,[0.2424]
rs76704029,0.2678,ANC_EAS,HP:0005978,[0.2678]
rs113154802,0.1115,ANC_EAS,HP:0005978,[0.1115]
rs117027183,0.1601,ANC_EAS,HP:0005978,[0.1601]
rs10830963,0.421,ANC_EAS,HP:0005978,[0.421]
rs55734389,0.3017,ANC_EAS,HP:0005978,[0.3017]
rs7903146,0.243313,ANC_LAC,HP:0005978,[0.243313]
rs2237897,0.168674,ANC_LAC,HP:0005978,[0.168674]
rs35261542,0.268322,ANC_LAC,HP:0005978,[0.268322]
rs4686392,0.44402,ANC_LAC,HP:0005978,[0.44402]
rs11720108,0.173506,ANC_LAC,HP:0005978,[0.173506]
rs459193,0.637988,ANC_LAC,HP:0005978,[0.637988]
rs11257655,0.270629,ANC_LAC,HP:0005978,[0.270629]
rs849333,0.338189,ANC_LAC,HP:0005978,[0.338189]
rs9307893,0.541354,ANC_LAC,HP:0005978,[0.541354]
rs11394662,0.383545,ANC_LAC,HP:0005978,[0.383545]
rs7825337,0.539985,ANC_LAC,HP:0005978,[0.539985]
rs4929965,0.545581,ANC_LAC,HP:0005978,[0.545581]
rs149716619,0.332733,ANC_LAC,HP:0005978,[0.332733]
rs60461843,0.0297792,ANC_LAC,HP:0005978,[0.0297792]
rs12566129,0.139285,ANC_LAC,HP:0005978,[0.139285]
rs343087,0.520816,ANC_LAC,HP:0005978,[0.520816]
rs7903146,0.5,ANC_SAF,HP:0005978,[0.5]
rs73284431,0.5,ANC_SAF,HP:0005978,[0.5]
