source,combined_score,target
KCNQ1,900,KCNQ3
KCNQ1,900,KCNJ18
KCNQ1,999,KCNE3
KCNQ1,900,KCNQ4
KCNQ1,900,KCNN4
KCNQ1,997,KCNE2
KCNQ1,900,KCNJ12
KCNQ1,919,KCNE1B
KCNQ1,958,KCNQ5
KCNQ1,900,KCNJ4
KCNQ1,974,CALML5
KCNQ1,913,CALM2
KCNQ1,900,KCNJ2
KCNQ1,974,CALML3
KCNQ1,970,CALML6
KCNQ1,900,KCNJ13
KCNQ1,998,CALM3
KCNQ1,900,KCNJ14
KCNQ1,900,KCNK5
KCNQ1,993,AKAP9
KCNQ1,999,KCNE1
KCNQ1,935,KCNQ2
KCNQ1,970,CALML4
CTTNBP2,734,CCT3
CTTNBP2,734,STRN
CTTNBP2,734,STK24
CTTNBP2,734,PPP2R1B
CTTNBP2,734,CCT6A
CTTNBP2,734,CCT8
CTTNBP2,918,CTTN
CTTNBP2,734,STRN4
CTTNBP2,734,PPP2R1A
CTTNBP2,903,HCLS1
CTTNBP2,734,PDCD10
CTTNBP2,734,PPP2CA
CTTNBP2,734,STK25
CTTNBP2,877,STRN3
CTTNBP2,734,CTTNBP2NL
CTTNBP2,734,TCP1
CTTNBP2,734,CCT2
CTTNBP2,773,STRIP2
CTTNBP2,734,MOB4
CTTNBP2,734,CCT5
CTTNBP2,864,STRIP1
CTTNBP2,734,STK26
CTTNBP2,734,PPP2CB
YTHDC2,898,MEIOC
YTHDC2,972,XRN1
ST6GAL1,900,ST6GAL2
ARHGDIG,900,ARHGDIA
ARHGDIG,932,NGFR
ARHGDIG,891,CDC42
ARHGDIG,725,RHOH
ARHGDIG,921,RHOA
ARHGDIG,900,ARHGDIB
ARHGDIG,894,RHOB
ARHGDIG,745,RHOC
ARHGDIG,803,RHOG
SNAPC2,990,SNAPC4
SNAPC2,716,TBP
SNAPC2,985,SNAPC1
SNAPC2,991,SNAPC3
SNAPC2,943,SNAPC5
MYL7,724,MYH11
MYL7,724,MYH9
MYL7,724,MYH10
YKT6,903,STX17
YKT6,998,STX5
YKT6,703,SEC22B
YKT6,996,GOSR1
YKT6,805,STX3
YKT6,962,SNAP29
YKT6,805,USE1
YKT6,756,STX8
YKT6,774,SCFD1
YKT6,835,SNAP25
YKT6,923,BET1
YKT6,997,STX7
YKT6,790,VTI1A
YKT6,848,NAPA
YKT6,825,NSF
YKT6,736,VAMP8
YKT6,955,BET1L
YKT6,957,PTAR1
YKT6,970,VTI1B
YKT6,723,GOSR2
YKT6,840,STX12
YKT6,925,RABGGTB
YKT6,790,STX6
CCDC47,801,RPL4
CCDC47,893,SEC61A1
CCDC47,800,RPL9
CCDC47,800,RPL18
CCDC47,800,RPL35
CCDC47,800,RPL6
CCDC47,784,WDR83OS
CCDC47,800,RPL32
CCDC47,800,RPL27A
CCDC47,800,RPL11
CCDC47,879,NCLN
CCDC47,800,RPL35A
CCDC47,801,RPL10
CCDC47,800,RPL37A
CCDC47,801,RPL8
CCDC47,800,RPL19
CCDC47,801,RPL13A
CCDC47,800,RPL24
CCDC47,800,RPL7
CCDC47,831,TMEM147
CCDC47,830,SEC61G
CCDC47,800,RPL38
CCDC47,800,RPL21
CCDC47,800,RPL36A
CCDC47,801,RPL3
CCDC47,808,RPL7A
CCDC47,800,RPL26
CCDC47,800,RPL23
CCDC47,800,RPL30
CCDC47,800,RPL17
CCDC47,800,RPL27
CCDC47,800,RPL14
CCDC47,800,RPL13
CCDC47,800,RPL29
CCDC47,800,RPL5
CCDC47,800,RPL39
CCDC47,800,RPL18A
CCDC47,800,RPL28
CCDC47,806,RPL31
CCDC47,937,TMCO1
CCDC47,800,RPL34
CCDC47,800,RPL15
CCDC47,800,RPL36AL
CCDC47,836,SEC61B
CCDC47,800,RPL22
CCDC47,800,RPL37
CCDC47,800,RPL36
CCDC47,800,RPL23A
WFS1,708,ATP1B1
SNX17,993,KRIT1
SNX17,991,SELP
SNX17,900,9606.ENSP00000498010
SNX17,814,LRP8
CCDC92,706,PSMD8
SSR1,997,SSR4
SSR1,915,RPN2
SSR1,999,SSR2
SSR1,800,STT3A
SSR1,961,SEC61A1
SSR1,928,RPN1
SSR1,940,SEC61B
SSR1,949,DDOST
SSR1,800,OSTC
SSR1,895,SEC61G
SSR1,800,TMEM258
SSR1,998,SSR3
SSR1,800,DAD1
SSR1,829,OST4
RALY,741,HNRNPA1
RALY,762,HNRNPC
RALY,734,CELF1
TRAP1,900,SDHB
SUGP1,800,SRRT
SUGP1,800,RBM25
SUGP1,852,SF1
SUGP1,800,LUC7L3
SUGP1,800,PRPF40A
SUGP1,734,RBM17
SUGP1,800,SRRM2
SUGP1,972,DHX15
SUGP1,830,RBM39
SUGP1,800,PPP1R8
SUGP1,800,RBM7
SUGP1,800,HTATSF1
SUGP1,800,DNAJC8
SUGP1,800,DDX5
SUGP1,727,SNRPB2
SUGP1,800,CDC40
SUGP1,800,RBM5
SUGP1,734,RBM10
SUGP1,800,DHX9
SUGP1,800,TCERG1
SUGP1,800,CCAR1
SUGP1,838,U2AF2
GNG13,709,GNAI3
GNG13,946,GNAS
GNG13,797,GNB5
GNG13,982,GNB3
GNG13,900,APLNR
GNG13,954,GNAT3
GNG13,900,GNG7
GNG13,709,GNAI1
GNG13,985,GNB1
GNG13,930,GNAL
GNG13,896,GNB4
GNG13,709,GNAI2
MICB,993,KLRK1
MICB,811,KLRC1
MICB,870,NCR1
MICB,812,NCR3
MICB,805,NCR2
MICB,910,MICA
NOTCH2,996,JAG2
NOTCH2,829,RBPJL
NOTCH2,895,MAML1
NOTCH2,736,GSK3B
NOTCH2,994,DLL4
NOTCH2,997,JAG1
NOTCH2,959,MDK
NOTCH2,778,CNTN1
NOTCH2,909,NOTCH1
NOTCH2,759,NOTCH4
NOTCH2,997,DLL1
NOTCH2,800,MAML3
NOTCH2,738,DLK1
NOTCH2,705,IL24
NOTCH2,978,DLL3
NOTCH2,800,MAML2
NOTCH2,919,RBPJ
MTNR1B,926,MTNR1A
MTNR1B,812,GNB1
MTNR1B,922,GNAI1
MTNR1B,926,GPR50
OASL,992,DDX58
POU5F1,750,HDAC1
POU5F1,800,H4C1
POU5F1,751,FOXD3
POU5F1,869,H4-16
POU5F1,844,SOX4
POU5F1,800,H4C5
POU5F1,790,EPAS1
POU5F1,800,H4C15
POU5F1,800,PRDM14
POU5F1,800,H4C8
POU5F1,800,H3C7
POU5F1,804,CTCF
POU5F1,991,NANOG
POU5F1,800,H4C11
POU5F1,800,H3C10
POU5F1,900,POU5F1B
POU5F1,800,H4C9
POU5F1,800,H3C8
POU5F1,743,ZNF281
POU5F1,999,SOX2
POU5F1,800,ZSCAN10
POU5F1,800,H3C6
POU5F1,800,H3C12
POU5F1,800,H2AC8
POU5F1,800,PBX1
POU5F1,713,OTX2
POU5F1,943,PKM
POU5F1,811,KLF4
POU5F1,800,H4C12
POU5F1,800,H3C11
POU5F1,867,H4C6
POU5F1,978,SALL4
POU5F1,800,H4C14
POU5F1,800,H2BC11
POU5F1,734,YAP1
POU5F1,800,FOXH1
POU5F1,826,STAT3
POU5F1,980,WDR5
POU5F1,762,SIN3A
POU5F1,800,H2AC4
POU5F1,800,FOXP1
POU5F1,800,H3C2
POU5F1,800,TBPL2
POU5F1,931,SMAD3
POU5F1,847,SMAD2
POU5F1,933,SOX17
POU5F1,800,H3C4
POU5F1,800,H3C1
POU5F1,765,YY1
POU5F1,800,H4C13
POU5F1,800,H4C3
POU5F1,800,H4C2
POU5F1,800,H4C4
POU5F1,996,CTNNB1
POU5F1,800,H3C3
CCND2,999,CDK4
CCND2,788,CDK5
CCND2,935,CCND1
CCND2,972,CDKN1B
CCND2,965,CDKN1C
CCND2,840,CDKN1A
CCND2,924,CDK2
CCND2,999,CDK6
CCND2,906,CCND3
NUP133,899,NUP35
NUP133,999,SEH1L
NUP133,954,NUP93
NUP133,955,RANBP2
NUP133,851,POM121
NUP133,871,NUP153
NUP133,999,SEC13
NUP133,895,NUP188
NUP133,999,NUP107
NUP133,895,NDC1
NUP133,999,NUP85
NUP133,895,NUP210
NUP133,999,NUP43
NUP133,946,NUP54
NUP133,734,NUP50
NUP133,992,AHCTF1
NUP133,934,NUP88
NUP133,944,NUP205
NUP133,916,AAAS
NUP133,999,NUP160
NUP133,999,NUP37
NUP133,932,NUP62
NUP133,932,NUP58
NUP133,973,NUP214
NUP133,999,NUP98
NUP133,740,POM121C
NUP133,947,NUP155
HERC2,756,MAPK6
HERC2,852,PIAS4
HERC2,830,RNF8
HERC2,716,UBE2N
HERC2,900,USP35
HERC2,900,DOCK10
HERC2,900,MYT1
MYO5C,792,ACTG1
MYO5C,707,ACTB
RPL8,947,RPS27A
RPL8,960,RIOX1
RPL8,975,RPS24
RPL8,987,RPL36A
RPL8,800,CDH1
RPL8,963,RPS19
RPL8,867,SRP19
RPL8,864,NMD3
RPL8,978,RPL23
RPL8,940,RPLP1
RPL8,843,EEFSEC
RPL8,950,RPL26
RPL8,966,RPL5
RPL8,766,NUFIP2
RPL8,958,RPL29
RPL8,973,RPL14
RPL8,974,RPL27
RPL8,898,SRP68
RPL8,997,RPL31
RPL8,922,GNL2
RPL8,995,RPL10A
RPL8,800,SECISBP2
RPL8,895,RPL17-C18orf32
RPL8,979,RPLP0
RPL8,740,EIF5B
RPL8,887,RPL36AL
RPL8,800,LTN1
RPL8,800,NACA2
RPL8,945,RPL22
RPL8,884,SEC61B
RPL8,977,RPL23A
RPL8,856,ZNF622
RPL8,947,RPL37
RPL8,966,RPL26L1
RPL8,985,RPL4
RPL8,947,UBA52
RPL8,800,LYAR
RPL8,972,RPL12
RPL8,982,RACK1
RPL8,964,RPL10L
RPL8,967,RPS18
RPL8,800,NACA
RPL8,864,SEC61A1
RPL8,977,RPLP2
RPL8,959,RPS5
RPL8,994,RPS21
RPL8,900,LARP4B
RPL8,970,RPL35
RPL8,997,RPL6
RPL8,801,SRPRB
RPL8,997,RPL11
RPL8,953,EIF6
RPL8,997,RPL32
RPL8,960,RPL10
RPL8,720,NR0B1
RPL8,957,RPL35A
RPL8,870,LSG1
RPL8,979,RPS6
RPL8,947,RPS12
RPL8,835,HBS1L
RPL8,964,RPS15
RPL8,865,SRPRA
RPL8,996,RPL24
RPL8,958,RPS7
RPL8,997,RPL19
RPL8,997,RPS26
RPL8,974,RPL13A
RPL8,970,RPS2
RPL8,975,RPSA
RPL8,997,RPL38
RPL8,842,SEC61G
RPL8,994,RPS28
RPL8,800,TTC5
RPL8,997,RPS23
RPL8,983,RPL3
RPL8,970,RPS3A
RPL8,955,RSL24D1
RPL8,976,RPL21
RPL8,800,TUBB
RPL8,939,RPL17
RPL8,718,RPL3L
RPL8,960,RPS17
RPL8,997,RPL30
RPL8,800,XBP1
RPL8,890,GTPBP4
RPL8,969,RPS8
RPL8,979,RPS13
RPL8,992,RPL7A
RPL8,989,RPL39
RPL8,995,RPS29
RPL8,978,RPL13
RPL8,936,RPS27
RPL8,983,RPS16
RPL8,966,RPL28
RPL8,997,RPL18A
RPL8,930,ABCF1
RPL8,895,RPS10-NUDT3
RPL8,801,TMCO1
RPL8,968,PA2G4
RPL8,800,LLPH
RPL8,930,BTF3
RPL8,925,RPL41
RPL8,868,SRP9
RPL8,947,FAU
RPL8,964,RPL34
RPL8,973,RPL15
RPL8,901,SERBP1
RPL8,973,RPS9
RPL8,958,RPS11
RPL8,800,TMA16
RPL8,969,RPS25
RPL8,998,RPL36
RPL8,847,CCDC124
RPL8,900,DHX9
RPL8,931,RPS14
RPL8,800,ETF1
RPL8,830,GSPT1
RPL8,875,RPS4Y1
RPL8,975,RPL9
RPL8,800,ABCE1
RPL8,874,SRP54
RPL8,955,EEF2
RPL8,997,RPL18
RPL8,925,RPS4X
RPL8,835,PELO
RPL8,870,EIF5A
RPL8,974,RPL27A
RPL8,851,EEF1A1
RPL8,801,NCLN
RPL8,898,9606.ENSP00000454786
RPL8,979,RPL37A
RPL8,857,SRP72
RPL8,977,RPL7
RPL8,975,RPS20
RPL8,936,RPS10
RPL8,847,NEMF
RPL8,801,CCDC47
RPL8,833,SRP14
RPL8,900,RPS15A
RPL8,859,ZNF593
RPL8,801,TMEM147
RPL8,982,RPS3
CDKN2C,997,CDK4
CDKN2C,999,CDK6
CDKN2C,727,CCND3
MAU2,928,PDS5A
MAU2,999,NIPBL
MAU2,877,WAPL
MAU2,756,PDS5B
MAU2,768,CDCA5
GRB14,905,HRAS
GRB14,923,FGFR1
GRB14,977,INSR
STAT3,841,LYN
STAT3,734,FGFR2
STAT3,704,IL6R
STAT3,957,AMOTL1
STAT3,874,HDAC1
STAT3,763,CBL
STAT3,786,STAT6
STAT3,989,EP300
STAT3,753,IGF1R
STAT3,707,CCND1
STAT3,932,EZH2
STAT3,734,CDK9
STAT3,707,HSP90AB1
STAT3,760,IL2RB
STAT3,713,LIFR
STAT3,797,CDKN1A
STAT3,852,FOXP3
STAT3,791,CSF3R
STAT3,801,HIF1A
STAT3,983,NANOG
STAT3,999,STAT1
STAT3,992,JAK2
STAT3,786,PTK2
STAT3,911,PDGFRA
STAT3,847,PIK3R1
STAT3,968,EGFR
STAT3,927,STAP2
STAT3,970,STAT4
STAT3,984,MAPK1
STAT3,840,IRF4
STAT3,758,PRKCD
STAT3,878,NDUFA13
STAT3,925,STMN1
STAT3,819,TP53
STAT3,930,NR3C1
STAT3,906,LCK
STAT3,753,PIAS1
STAT3,843,HCK
STAT3,962,FOS
STAT3,885,DNMT1
STAT3,968,FN1
STAT3,815,BMX
STAT3,971,PIAS3
STAT3,730,CDK6
STAT3,937,RELA
STAT3,724,SMAD3
STAT3,781,NFKB1
STAT3,856,HSP90AA1
STAT3,915,PTPN11
STAT3,781,ESR1
STAT3,866,CD274
STAT3,805,PDIA3
STAT3,719,PDGFRB
STAT3,755,EIF2AK2
STAT3,997,STAT5B
STAT3,833,STAT2
STAT3,895,SIN3A
STAT3,823,TMC6
STAT3,708,IL22RA1
STAT3,927,IL10RA
STAT3,813,IL6ST
STAT3,969,IRF9
STAT3,826,POU5F1
STAT3,907,JAK3
STAT3,771,ERBB3
STAT3,729,GLI1
STAT3,900,NANOGP8
STAT3,994,JAK1
STAT3,994,SRC
STAT3,917,SYK
STAT3,778,FOXM1
STAT3,784,IFNAR1
STAT3,700,IL19
STAT3,748,NFKBIZ
STAT3,942,MET
STAT3,980,JUN
STAT3,720,HES5
STAT3,943,CEBPB
STAT3,996,STAT5A
STAT3,843,TYK2
GCKR,998,GCK
GPN1,807,GPN2
GPN1,802,POLR2B
GPN1,833,GPN3
GPN1,729,RPAP1
GPN1,712,POLR2C
PDE8B,935,PDE8A
SCAP,999,INSIG2
SCAP,959,SREBF1
SCAP,996,SREBF2
SCAP,994,INSIG1
ANK1,961,RHAG
ANK1,995,SLC4A1
ANK1,939,CHL1
ANK1,980,NFASC
ANK1,956,CD44
ANK1,916,SPTBN1
ANK1,808,SPTA1
ANK1,928,GYPA
ANK1,741,ITPR3
ANK1,963,L1CAM
ANK1,801,AQP1
ANK1,867,GYPB
ANK1,858,SPTBN5
ANK1,982,EPB41
ANK1,971,NRCAM
ANK1,929,ADD2
ANK1,961,TIAM1
ANK1,900,ANK2
ANK1,900,RHCE
ANK1,965,ADD1
ANK1,807,SPTAN1
ANK1,959,ADD3
ANK1,966,OBSCN
ANK1,752,SCN5A
ANK1,942,TTN
ANK1,906,ANK3
ANK1,701,ERBB2
ANK1,991,SPTB
ANK1,885,9606.ENSP00000469242
ANK1,900,EPB42
IDE,900,NPPB
IDE,900,UBA52
IDE,994,INS
IDE,900,NPPA
IDE,900,INS-IGF2
IDE,900,RPS27A
IDE,700,CTSD
IDE,946,UBC
IDE,946,GCG
IDE,974,IAPP
IDE,946,CCL3
IDE,900,TGFA
IDE,900,UBB
IDE,926,IGF2
IDE,959,APP
IDE,779,SIRT4
IDE,926,CCL4
TIMM44,881,TIMM50
TIMM44,989,PAM16
TIMM44,965,HSPA4
TIMM44,717,GRPEL2
TIMM44,893,DNAJC15
TIMM44,998,HSPA9
TIMM44,987,DNAJC19
TIMM44,965,GRPEL1
TIMM44,987,TIMM17A
TIMM44,824,TIMM21
TIMM44,733,TIMM23
SPATA5,797,SPATA5L1
SKP2,879,NEDD8
SKP2,744,DDB1
SKP2,800,ARIH1
SKP2,716,RBL2
SKP2,830,CDT1
SKP2,907,FBXW11
SKP2,974,BTRC
SKP2,994,CCNA1
SKP2,999,SKP1
SKP2,972,FBXW7
SKP2,900,FBXO4
SKP2,765,CDKN1A
SKP2,836,CUL2
SKP2,800,UBE2L5
SKP2,999,CUL1
SKP2,750,FOXO1
SKP2,895,UBC
SKP2,999,CKS1B
SKP2,741,CCND1
SKP2,913,UBB
SKP2,734,CDC20
SKP2,991,CDKN1B
SKP2,739,ELOC
SKP2,895,UBA52
SKP2,999,RBX1
SKP2,905,RPS27A
SKP2,754,CDH1
SKP2,926,UFD1
SKP2,999,CCNA2
SKP2,750,ELOB
SKP2,998,CDK2
SKP2,770,USP13
SKP2,900,FBXO2
SKP2,781,CCNE1
SKP2,876,EP300
SKP2,780,MYC
SKP2,936,RB1
CDKN2B,941,CDKN2A
CDKN2B,997,CDK4
CDKN2B,998,CDK6
NRBF2,851,AMBRA1
NRBF2,734,ULK1
NRBF2,999,BECN1
NRBF2,839,UVRAG
NRBF2,999,ATG14
NRBF2,734,RB1CC1
NRBF2,999,PIK3R4
NRBF2,999,PIK3C3
NRBF2,846,BECN2
ARID5B,950,PHF2
ARID5B,721,SMARCB1
CDC123,785,EIF2S3
CENPU,997,CENPO
CENPU,800,H4-16
CENPU,800,H4C1
CENPU,800,H2BC6
CENPU,895,H4C6
CENPU,996,CENPC
CENPU,800,H4C14
CENPU,987,CENPL
CENPU,800,H4C12
CENPU,994,CENPK
CENPU,997,ITGB3BP
CENPU,800,H4C8
CENPU,990,CENPS
CENPU,800,H2BC4
CENPU,800,H4C5
CENPU,708,MLF1
CENPU,800,H4C15
CENPU,962,CENPA
CENPU,962,PLK1
CENPU,800,H4C13
CENPU,998,CENPI
CENPU,800,H2BC8
CENPU,999,CENPN
CENPU,800,H4C9
CENPU,800,H4C11
CENPU,999,CENPP
CENPU,997,CENPT
CENPU,800,H2BC10
CENPU,800,H2BC7
CENPU,988,CENPX
CENPU,800,H2AC6
CENPU,999,CENPQ
CENPU,993,CENPM
CENPU,987,CENPW
CENPU,997,CENPH
CENPU,800,H4C3
CENPU,800,H4C2
CENPU,800,H4C4
MBNL1,753,MBNL3
MBNL1,724,MBNL2
JADE2,823,ING5
JADE2,774,MEAF6
JADE2,869,KAT7
JADE2,874,ING4
ITGB6,901,ACTB
ITGB6,947,TGFB1
ITGB6,907,ITGA5
ITGB6,741,ITGA8
ITGB6,827,TLN1
ITGB6,917,ITGB2
ITGB6,920,ITGA1
ITGB6,815,PTK2
ITGB6,927,ITGA3
ITGB6,744,ITGB4
ITGB6,772,FLNC
ITGB6,905,ITGA11
ITGB6,900,ITGB7
ITGB6,900,ITGB5
ITGB6,817,FLNA
ITGB6,734,ITGAX
ITGB6,905,ITGA10
ITGB6,735,S100A7
ITGB6,903,ITGB3
ITGB6,918,ITGA2
ITGB6,796,TLN2
ITGB6,998,ITGAV
ITGB6,900,ITGB8
ITGB6,907,ITGA4
ITGB6,915,ITGB1
ITGB6,905,ITGAL
ITGB6,818,FLNB
ITGB6,766,FN1
ITGB6,901,ACTG1
JAZF1,961,NR2C2
DCK,900,NT5C1B-RDH14
DCK,900,NT5C
DCK,900,NT5C1A
DCK,900,NT5C1B
DCK,900,NT5E
DCK,900,NT5M
DCK,900,NT5C3A
DCK,900,NT5C3B
DCK,900,NT5C2
PPARG,750,MED14
PPARG,998,NCOR1
PPARG,974,RELA
PPARG,900,ACTG1
PPARG,900,KDM3B
PPARG,903,SMARCC1
PPARG,953,SMARCA4
PPARG,807,NR1H3
PPARG,824,NCOA6
PPARG,940,NR0B2
PPARG,900,ACTL6A
PPARG,900,ARID1B
PPARG,867,SMAD3
PPARG,900,SMARCC2
PPARG,965,PAX8
PPARG,747,NCOA3
PPARG,846,PER2
PPARG,900,DPF3
PPARG,964,CTNNB1
PPARG,900,SMARCE1
PPARG,981,PRDM16
PPARG,900,SMARCD2
PPARG,994,NCOA1
PPARG,715,HTT
PPARG,900,SMARCD1
PPARG,994,NCOR2
PPARG,900,SMARCA2
PPARG,968,EP300
PPARG,926,SMARCD3
PPARG,996,MED1
PPARG,900,ACTL6B
PPARG,769,LPIN1
PPARG,866,ESRRA
PPARG,948,RXRG
PPARG,979,XPR1
PPARG,900,ARID1A
PPARG,798,TET1
PPARG,701,PPARD
PPARG,999,PPARGC1A
PPARG,812,RARA
PPARG,826,HDAC3
PPARG,965,RXRB
PPARG,739,FOXP3
PPARG,972,KDM3A
PPARG,992,CREBBP
PPARG,999,RXRA
PPARG,764,FABP4
PPARG,993,NCOA2
PPARG,747,EGR1
PPARG,900,ACTB
PPARG,768,IGFBP3
PPARG,940,SIRT1
HMGCR,948,INSIG2
HMGCR,756,UBIAD1
HMGCR,980,INSIG1
FGFR4,931,FGF3
FGFR4,983,FGF6
FGFR4,939,FGF7
FGFR4,727,PLCG1
FGFR4,701,CBLC
FGFR4,980,FGF17
FGFR4,977,FGF4
FGFR4,900,9606.ENSP00000481152
FGFR4,998,FGF19
FGFR4,997,KLB
FGFR4,978,FGF9
FGFR4,961,FGF13
FGFR4,930,FGF22
FGFR4,721,GRB2
FGFR4,966,FGF5
FGFR4,982,FGF18
FGFR4,955,FGF10
FGFR4,916,FRS2
FGFR4,937,FGF23
FGFR4,926,KL
FGFR4,962,FGF20
FGFR4,732,ERBB2
FGFR4,981,FGF8
FGFR4,993,FGF1
FGFR4,964,FGF16
FGFR4,817,FGF21
FGFR4,994,FGF2
FGFR4,944,FGFR1
FGFR4,903,IGLL5
SLX4,757,SLX4IP
SLX4,997,ERCC1
SLX4,999,SLX1A
SLX4,939,FANCD2
SLX4,710,SUMO2
SLX4,927,TOPBP1
SLX4,994,ERCC4
SLX4,999,MUS81
SLX4,857,MSH3
SLX4,969,TERF2
SLX4,851,DCLRE1B
SLX4,961,SLX1B
SLX4,831,MSH2
SLX4,745,FANCI
SLX4,844,RTEL1
SLX4,985,EME1
ATXN7,904,SF3B5
ATXN7,990,TAF5L
ATXN7,701,TAF6
ATXN7,995,TADA1
ATXN7,880,TADA2B
ATXN7,923,SF3B3
ATXN7,964,KAT2A
ATXN7,988,TAF10
ATXN7,918,TAF9B
ATXN7,999,ATXN7L3
ATXN7,701,H2AC20
ATXN7,949,TADA3
ATXN7,904,ATXN7
ATXN7,701,H2AC18
ATXN7,800,SAP130
ATXN7,999,ENY2
ATXN7,958,SGF29
ATXN7,974,SUPT7L
ATXN7,890,KAT2B
ATXN7,993,USP22
ATXN7,989,TRRAP
ATXN7,767,SORBS1
ATXN7,747,TADA2A
ATXN7,987,SUPT3H
ATXN7,994,TAF6L
ATXN7,993,TAF9
ATXN7,995,SUPT20H
ATXN7,995,TAF12
BDH2,900,BDH1
STEAP1,929,STEAP2
SNAPC4,996,SNAPC5
SNAPC4,800,POU2F1
SNAPC4,990,SNAPC2
SNAPC4,895,GTF2B
SNAPC4,998,SNAPC1
SNAPC4,947,GTF2A1
SNAPC4,998,SNAPC3
SNAPC4,947,GTF2A2
SNAPC4,929,TBP
ANPEP,738,ALB
ANPEP,982,RTN4R
ANPEP,881,FCGR3A
ANPEP,945,SFN
ANPEP,833,FCGR3B
ANPEP,804,CD7
ANPEP,709,ITGAM
ANPEP,900,LAP3
MAEA,877,GID8
MAEA,772,VTN
MAEA,883,RMND5A
MAEA,787,RMND5B
MAEA,843,WDR26
MAEA,919,ARMC8
CTRB2,916,CTRB1
CTRB2,829,SERPINA1
CTRB2,869,SERPINA3
IRS1,999,IGF1R
IRS1,787,SH2B1
IRS1,997,IRS2
IRS1,824,PTPN1
IRS1,958,IRS4
IRS1,994,GRB2
IRS1,842,NCK2
IRS1,772,PIK3CB
IRS1,969,SHC1
IRS1,938,AP2M1
IRS1,989,IGF1
IRS1,930,PIK3R3
IRS1,997,INSR
IRS1,880,FYN
IRS1,998,PTPN11
IRS1,739,IGF2
IRS1,806,ESR1
IRS1,785,LEP
IRS1,950,PIK3CA
IRS1,877,JAK1
IRS1,909,SRC
IRS1,877,BECN1
IRS1,927,JAK2
IRS1,847,RAD51
IRS1,893,SOS1
IRS1,986,INS
IRS1,745,NTRK1
IRS1,785,SOS2
IRS1,715,IL4
IRS1,833,ALK
IRS1,813,NPM1
IRS1,800,SH2B2
IRS1,860,YWHAZ
IRS1,847,PIK3R2
IRS1,993,PIK3R1
PAM,853,KALRN
RASGRP1,900,RASGRP2
CASP3,922,CASP6
CASP3,947,APAF1
CASP3,991,CASP9
CASP3,892,BIRC3
CASP3,999,CASP8
CASP3,855,CASP2
CASP3,999,XIAP
CASP3,731,MDM2
CASP3,716,BIRC7
CASP3,939,CASP7
CASP3,738,CFLAR
CASP3,742,CASP10
HNF4A,792,MED14
HNF4A,957,EP300
HNF4A,828,MED1
HNF4A,897,CTBP1
HNF4A,981,SMAD4
HNF4A,971,NR0B2
HNF4A,993,PPARGC1A
HNF4A,763,SMAD2
HNF4A,981,LEF1
HNF4A,915,SMAD3
HNF4A,876,TLE1
HNF4A,898,BCL9
HNF4A,932,FOXO1
HNF4A,900,PA2G4
HNF4A,823,CREBBP
HNF4A,991,CTNNB1
HNF4A,920,NCOA2
HNF4A,763,RUNX3
HNF4A,810,BCL9L
HNF4A,732,JUN
HNF4A,944,NCOA1
SCD5,900,HACD3
SCD5,900,HSD17B12
SCD5,931,SCD
SCD5,900,HACD1
SCD5,900,HACD4
SCD5,982,ITIH4
SCD5,900,HACD2
SCD5,900,ELOVL6
SCD5,900,TECR
GCNT4,900,GCNT3
GCNT4,900,GCNT1
GCC1,715,RAB6A
GCC1,865,ITSN1
PINX1,788,TERF1
MRPS33,800,MRPL53
MRPS33,817,MRPL39
MRPS33,807,MRPL32
MRPS33,993,MRPS15
MRPS33,807,MRPL33
MRPS33,807,MRPL48
MRPS33,813,MRPL16
MRPS33,800,MRPL45
MRPS33,809,MRPL11
MRPS33,831,MRPL18
MRPS33,807,MRPL35
MRPS33,986,MRPS17
MRPS33,985,MRPS12
MRPS33,991,MRPS24
MRPS33,983,AURKAIP1
MRPS33,818,MRPL44
MRPS33,807,MRPL36
MRPS33,982,MRPS9
MRPS33,800,NOA1
MRPS33,809,GFM1
MRPS33,920,MCAT
MRPS33,807,MRPL20
MRPS33,807,MRPL15
MRPS33,815,MRRF
MRPS33,807,MRPL55
MRPS33,959,MRPS30
MRPS33,807,GADD45GIP1
MRPS33,807,MRPL21
MRPS33,985,MRPS21
MRPS33,809,METTL15
MRPS33,809,TUFM
MRPS33,813,MRPL4
MRPS33,807,MRPL40
MRPS33,985,MRPS22
MRPS33,807,MRPL50
MRPS33,807,MRPL17
MRPS33,807,MRPL46
MRPS33,813,MRPL3
MRPS33,807,MRPL47
MRPS33,994,MRPS5
MRPS33,807,MRPL9
MRPS33,815,MRPL58
MRPS33,807,MRPL34
MRPS33,990,MRPS18C
MRPS33,896,9606.ENSP00000390331
MRPS33,807,MRPL52
MRPS33,985,MRPS35
MRPS33,985,MRPS16
MRPS33,800,RBFA
MRPS33,800,MRPL1
MRPS33,991,MRPS6
MRPS33,831,MRPL2
MRPS33,802,MRPL30
MRPS33,818,MRPL38
MRPS33,982,MRPS18A
MRPS33,807,MRPL51
MRPS33,991,MRPS18B
MRPS33,800,MRPS36
MRPS33,807,MRPL41
MRPS33,800,MRPL37
MRPS33,993,MRPS11
MRPS33,802,MRPL23
MRPS33,813,MRPL13
MRPS33,800,OXA1L
MRPS33,982,PTCD3
MRPS33,807,MRPL27
MRPS33,991,MRPS7
MRPS33,800,MRPL12
MRPS33,993,MRPS27
MRPS33,816,MRPL54
MRPS33,813,MRPL22
MRPS33,994,MRPS31
MRPS33,807,MRPL43
MRPS33,807,MRPL57
MRPS33,982,MRPS25
MRPS33,992,MRPS14
MRPS33,900,MTIF3
MRPS33,807,MRPL10
MRPS33,807,MRPL19
MRPS33,971,CHCHD1
MRPS33,970,DAP3
MRPS33,970,MRPS28
MRPS33,981,MRPL42
MRPS33,813,MRPL24
MRPS33,800,TFB1M
MRPS33,807,MRPL28
MRPS33,958,ERAL1
MRPS33,982,MRPS26
MRPS33,900,MTIF2
MRPS33,807,MRPL14
MRPS33,982,MRPS23
MRPS33,809,METTL17
MRPS33,986,MRPS34
MRPS33,807,MRPL49
MRPS33,985,MRPS10
MRPS33,994,MRPS2
BMP8A,875,BMP7
BMP8A,900,BMP8B
VPS33B,800,VPS45
VPS33B,964,VPS18
VPS33B,777,TGFBRAP1
VPS33B,900,VPS33A
VPS33B,963,VPS16
VPS33B,968,VPS11
VPS33B,976,VPS41
VPS33B,959,VIPAS39
VPS33B,738,RAB11A
VPS33B,759,VPS8
VPS33B,956,VPS39
PTCH1,990,GAS1
PTCH1,994,DHH
PTCH1,999,SHH
PTCH1,926,CCNB1
PTCH1,993,CDON
PTCH1,902,PTCH2
PTCH1,900,LRP2
PTCH1,758,BBS1
PTCH1,802,SMURF2
PTCH1,802,SMURF1
PTCH1,982,BOC
PTCH1,999,SMO
PTCH1,994,IHH
EYA2,811,SIX1
STARD10,900,LPCAT1
STRADA,999,CAB39
STRADA,963,CAB39L
STRADA,999,STK11
STRADA,900,STRADB
SINHCAF,900,PHF12
SINHCAF,831,SAP30
SINHCAF,963,ING2
SINHCAF,788,RBBP7
SINHCAF,866,BRMS1L
SINHCAF,814,SAP130
SINHCAF,720,CSNK2A1
SINHCAF,823,ARID4A
SINHCAF,974,SIN3A
SINHCAF,841,RBBP4
SINHCAF,904,MORF4L1
SINHCAF,839,ING1
SINHCAF,820,SAP30L
SINHCAF,886,SUDS3
SINHCAF,844,HDAC1
SINHCAF,829,BRMS1
SINHCAF,813,SIN3B
SINHCAF,705,OGT
SINHCAF,833,ARID4B
SINHCAF,953,HDAC2
AP3S2,925,AP4E1
AP3S2,900,AP5S1
AP3S2,957,AP3B1
AP3S2,720,SGIP1
AP3S2,900,AP4S1
AP3S2,942,AP3B2
AP3S2,900,AP4M1
AP3S2,924,AP2A1
AP3S2,900,AP2M1
AP3S2,720,AP1S2
AP3S2,900,AP3S1
AP3S2,720,SYNRG
AP3S2,976,AP3M2
AP3S2,900,AP5B1
AP3S2,900,AP5Z1
AP3S2,900,AP4B1
AP3S2,900,AP2S1
AP3S2,900,AP2A2
AP3S2,900,AP5M1
AP3S2,908,AP3D1
AP3S2,975,AP3M1
AP3S2,900,AP1S1
AP3S2,900,AFTPH
AP3S2,900,AP2B1
HLA-DQA1,955,CD74
HLA-DQA1,999,HLA-DQB1
HLA-DQA1,978,HLA-DRB1
HLA-DQA1,958,HCRT
HLA-DQA1,878,HLA-DPB1
HLA-DQA1,720,HLA-DRB5
HLA-DQA1,904,9606.ENSP00000478289
HLA-DQA1,911,CD4
NCR3LG1,902,NCR2
NCR3LG1,999,NCR3
NCR3LG1,879,NCR1
NCR3LG1,860,PTGDR2
PPM1G,840,HEXIM1
AUTS2,716,RNF2
AUTS2,749,CSNK2B
AUTS2,813,YAF2
AUTS2,798,CSNK2A2
AUTS2,819,RYBP
AUTS2,785,CSNK2A1
AUTS2,961,PCGF5
TP53INP1,716,TP53
TP53INP1,763,GABARAPL2
TP53INP1,917,HIPK2
TP53INP1,838,GABARAPL1
CLUAP1,962,HSPB11
CLUAP1,993,IFT172
CLUAP1,939,TTC26
CLUAP1,940,TTC30B
CLUAP1,879,TTC30A
CLUAP1,886,IFT74
CLUAP1,906,IFT81
CLUAP1,996,TRAF3IP1
CLUAP1,971,IFT27
CLUAP1,993,IFT88
CLUAP1,995,IFT52
CLUAP1,984,IFT20
CLUAP1,965,IFT46
CLUAP1,971,IFT22
CLUAP1,998,IFT57
CLUAP1,994,IFT80
JPH1,830,RYR1
JPH1,798,TRDN
SAMM50,869,CHCHD6
SAMM50,820,MICOS10
SAMM50,833,MICOS13
SAMM50,841,APOO
SAMM50,760,TOMM22
SAMM50,994,MTX2
SAMM50,966,IMMT
SAMM50,847,APOOL
SAMM50,921,DNAJC11
SAMM50,726,TOMM70
SAMM50,975,CHCHD3
SAMM50,720,HSPA9
SAMM50,958,MTX3
SAMM50,985,MTX1
SAMM50,729,TOMM40L
SAMM50,914,TOMM40
KCNJ11,825,9606.ENSP00000398495
KCNJ11,994,ABCC9
KCNJ11,825,DIABLO
KCNJ11,991,KCNJ8
KCNJ11,712,LDHA
KCNJ11,999,ABCC8
KCNJ11,772,ABCB5
RPL22L1,749,FAU
RPL22L1,901,RPL22
SREBF1,830,SP1
SREBF1,920,SREBF2
SREBF1,779,KPNB1
SREBF1,819,LMNA
SREBF1,725,MED15
SREBF1,959,SCAP
ARG1,928,ARG2
UBE2D3,717,BIRC3
UBE2D3,773,RNF2
UBE2D3,867,UBA1
UBE2D3,917,BIRC2
UBE2D3,886,STUB1
UBE2D3,708,RING1
UBE2D3,955,TRAF6
UBE2D3,837,UBE4B
UBE2D3,949,BRCA1
UBE2D3,759,PRKN
UBE2D3,862,UBC
UBE2D3,788,BMI1
UBE2D3,843,RBX1
UBE2D3,850,RPS27A
UBE2D3,755,UBE2D1
UBE2D3,859,BARD1
CALCR,720,GRM1
CALCR,964,GNB1
CALCR,720,GABBR1
CALCR,800,9606.ENSP00000478725
CALCR,900,CALCRL
CALCR,998,RAMP3
CALCR,720,GABBR2
CALCR,999,RAMP1
CALCR,998,RAMP2
CALCR,990,IAPP
CALCR,969,GNAS
CALCR,923,GNG2
CALCR,994,CALCA
HLA-DRB1,912,HLA-F
HLA-DRB1,900,EEF1A2
HLA-DRB1,904,HLA-DOA
HLA-DRB1,913,HLA-E
HLA-DRB1,960,CD4
HLA-DRB1,900,TPI1
HLA-DRB1,994,HLA-DMB
HLA-DRB1,907,HLA-DRB5
HLA-DRB1,978,HLA-DQA1
HLA-DRB1,936,HLA-C
HLA-DRB1,901,HLA-DQA2
HLA-DRB1,907,CAMP
HLA-DRB1,900,H2BC13
HLA-DRB1,800,CILP
HLA-DRB1,900,EEF1A1
HLA-DRB1,923,HLA-B
HLA-DRB1,932,HLA-DOB
HLA-DRB1,900,H2BU1
HLA-DRB1,999,HLA-DRA
HLA-DRB1,900,HLA-A
HLA-DRB1,906,VIM
HLA-DRB1,909,HLA-DPB1
HLA-DRB1,900,MLANA
HLA-DRB1,900,H2BC1
HLA-DRB1,936,HLA-DPA1
HLA-DRB1,900,TPBG
HLA-DRB1,720,B2M
HLA-DRB1,971,CD74
HLA-DRB1,900,ENO1
HLA-DRB1,991,HLA-DMA
FBXL22,821,SKP1
PRSS3,900,PRSS1
MACF1,897,GOLGA4
MACF1,761,CAMSAP3
MACF1,746,ELMO1
MAP3K3,850,TRAF6
MAP3K3,943,MAP3K2
MAP3K3,953,SQSTM1
MAP3K3,992,CCM2
MAP3K3,991,MAP2K5
ABCB10,968,SLC25A37
ABCB10,980,FECH
MED23,800,TAF10
MED23,800,GTF2H3
MED23,985,MED20
MED23,800,H3C13
MED23,800,TAF5
MED23,800,H4C4
MED23,800,TBP
MED23,800,H4C3
MED23,800,POLR2G
MED23,800,POLR2D
MED23,800,H4C2
MED23,999,MED16
MED23,800,H3C15
MED23,920,CCNC
MED23,800,TAF1
MED23,800,H2AZ1
MED23,800,H4C11
MED23,999,MED15
MED23,783,IRF7
MED23,800,TAF11
MED23,800,H4C9
MED23,976,MED13
MED23,985,MED7
MED23,944,CDK8
MED23,985,MED27
MED23,800,TAF4
MED23,800,MNAT1
MED23,832,CCNH
MED23,800,TAF6
MED23,734,ZC3H13
MED23,985,MED19
MED23,800,GTF2E1
MED23,800,POLR2J
MED23,800,H4C13
MED23,988,MED18
MED23,800,POLR2B
MED23,800,ERCC3
MED23,798,ELF3
MED23,800,GTF2H4
MED23,993,MED22
MED23,990,MED21
MED23,930,CDK19
MED23,800,H4C15
MED23,931,MED13L
MED23,985,MED31
MED23,800,H4C5
MED23,800,CDK7
MED23,800,POLR2I
MED23,800,GTF2A2
MED23,800,GTF2F1
MED23,800,POLR2C
MED23,800,GTF2H2
MED23,862,POLR2A
MED23,800,TAF9
MED23,800,TAF7
MED23,985,MED11
MED23,800,TAF3
MED23,734,STN1
MED23,988,MED12
MED23,984,MED4
MED23,800,POLR2F
MED23,987,MED30
MED23,987,MED17
MED23,800,TAF12
MED23,800,TAF2
MED23,800,H4C8
MED23,800,GTF2H5
MED23,800,H4C6
MED23,987,MED29
MED23,985,MED8
MED23,800,H4C14
MED23,800,H2BC11
MED23,991,MED28
MED23,998,MED14
MED23,800,GTF2E2
MED23,842,MED12L
MED23,800,GTF2A1
MED23,800,GTF2F2
MED23,992,MED6
MED23,800,H4C12
MED23,734,TRIP4
MED23,800,GTF2B
MED23,800,POLR2L
MED23,800,H3C14
MED23,993,MED1
MED23,800,TAF8
MED23,800,H4-16
MED23,991,MED10
MED23,995,MED24
MED23,987,MED26
MED23,800,TAF13
MED23,981,MED9
MED23,800,POLR2K
MED23,734,QKI
MED23,800,ERCC2
MED23,800,POLR2H
MED23,800,GTF2H1
MED23,995,MED25
MED23,800,POLR2E
MED23,800,H4C1
NUS1,703,RTN4
NUS1,983,DHDDS
VAV3,926,BLNK
VAV3,997,LCP2
VAV3,830,SRC
VAV3,906,SYK
VAV3,713,TYROBP
VAV3,800,TIAM1
VAV3,900,VAV1
VAV3,919,GRB2
VAV3,926,SH3BP2
VAV3,823,AKT1
VAV3,900,VAV2
CARD9,779,CARD11
CARD9,975,SYK
CARD9,999,BCL10
CARD9,972,CASP8
CARD9,997,MALT1
CARD9,972,NOD2
PABPC4,777,EIF4G1
PABPC4,965,PAIP1
PABPC4,811,PABPC1
JPH2,810,TRDN
GLP1R,800,9606.ENSP00000478725
GLP1R,967,GNB1
GLP1R,823,GNAQ
GLP1R,999,GCG
GLP1R,974,GNAS
GLP1R,897,GNG2
GLP1R,900,GLP2R
GLP1R,920,GIP
MAP1LC3A,949,SQSTM1
MAP1LC3A,816,ATG7
MAP1LC3A,782,NBR1
MAP1LC3A,734,CD300C
MAP1LC3A,926,FUNDC1
MAP1LC3A,824,FYCO1
MAP1LC3A,816,ATG13
MAP1LC3A,980,FKBP8
MAP1LC3A,796,ATG3
HLA-DQA2,905,CD74
HLA-DQA2,747,HLA-DPA1
HLA-DQA2,708,HLA-DOB
HLA-DQA2,960,HLA-DQB1
HLA-DQA2,790,HLA-DRB5
HLA-DQA2,904,9606.ENSP00000478289
HLA-DQA2,717,HLA-DRA
HLA-DQA2,901,HLA-DRB1
HLA-DQA2,900,CD4
HLA-DQA2,708,HLA-DMA
HLA-DQA2,773,HLA-DQB2
HLA-DQA2,809,HLA-DPB1
HLA-DQB1,935,CD74
HLA-DQB1,926,HCRT
HLA-DQB1,751,HLA-A
HLA-DQB1,744,9606.ENSP00000495715
HLA-DQB1,758,HLA-DRA
HLA-DQB1,960,HLA-DQA2
HLA-DQB1,999,HLA-DQA1
HLA-DQB1,744,INS
HLA-DQB1,706,HLA-DRB5
HLA-DQB1,803,CD4
HLA-DQB1,744,INS-IGF2
HLA-DRB5,907,HLA-DRB1
HLA-DRB5,995,HLA-DRA
HLA-DRB5,706,HLA-DQB1
HLA-DRB5,931,CD74
HLA-DRB5,720,HLA-DQA1
HLA-DRB5,790,HLA-DQA2
HLA-DRB5,900,CD4
HLA-DRB5,914,9606.ENSP00000478289
HLA-DRB5,735,HLA-DPA1
HLA-DRB5,746,HLA-A
EIF2S2,875,RPS27
EIF2S2,868,RPS4X
EIF2S2,949,EIF2B1
EIF2S2,850,EIF4G1
EIF2S2,968,EIF3B
EIF2S2,870,RPS29
EIF2S2,927,EIF3J
EIF2S2,900,RPS21
EIF2S2,889,EIF1AX
EIF2S2,800,EIF3M
EIF2S2,999,EIF2S3
EIF2S2,950,EIF3E
EIF2S2,829,EIF2S3B
EIF2S2,835,EIF3L
EIF2S2,916,RPS16
EIF2S2,944,EIF2B2
EIF2S2,961,EIF3G
EIF2S2,863,EIF3K
EIF2S2,872,RPS14
EIF2S2,901,RPS23
EIF2S2,899,RPS27A
EIF2S2,901,RPS24
EIF2S2,999,EIF2S1
EIF2S2,901,RPS3A
EIF2S2,914,RPS8
EIF2S2,969,EIF2B3
EIF2S2,876,RPS13
EIF2S2,868,RPS5
EIF2S2,816,EIF3CL
EIF2S2,919,RPS18
EIF2S2,868,ABCE1
EIF2S2,884,RACK1
EIF2S2,900,RPS17
EIF2S2,933,EIF2B4
EIF2S2,935,RPS19
EIF2S2,908,RPS10
EIF2S2,927,EIF3H
EIF2S2,901,RPS26
EIF2S2,941,RPS2
EIF2S2,971,EIF3C
EIF2S2,950,EIF3D
EIF2S2,945,RPS15
EIF2S2,913,RPS7
EIF2S2,900,EIF2A
EIF2S2,941,RPS20
EIF2S2,908,RPS12
EIF2S2,912,RPS11
EIF2S2,949,EIF3I
EIF2S2,896,RPS28
EIF2S2,854,RPS15A
EIF2S2,941,RPS3
EIF2S2,901,RPS25
EIF2S2,870,RPSA
EIF2S2,976,EIF3A
EIF2S2,927,EIF3F
EIF2S2,967,EIF5
EIF2S2,970,EIF2B5
EIF2S2,898,RPS9
EIF2S2,913,RPS6
EIF2S2,800,EIF4A1
EIF2S2,960,EIF1
EIF2S2,961,FAU
NOTCH4,753,NOTCH3
NOTCH4,900,TACC3
NOTCH4,863,MAML1
NOTCH4,759,NOTCH2
NOTCH4,800,RBPJL
NOTCH4,995,JAG1
NOTCH4,994,DLL4
NOTCH4,986,JAG2
NOTCH4,800,RBPJ
NOTCH4,816,MAML2
NOTCH4,816,MAML3
NOTCH4,926,SMAD3
NOTCH4,700,YWHAZ
NOTCH4,982,DLL3
NOTCH4,818,NOTCH1
NOTCH4,981,DLL1
HLA-C,999,KIR2DL3
HLA-C,706,MR1
HLA-C,876,KIR3DL1
HLA-C,951,TAPBP
HLA-C,996,KIR2DL1
HLA-C,921,HLA-DRA
HLA-C,854,LILRA1
HLA-C,936,HLA-DRB1
HLA-C,914,HLA-DOB
HLA-C,992,HLA-B
HLA-C,972,HLA-F
HLA-C,959,CD8A
HLA-C,975,KLRD1
HLA-C,914,9606.ENSP00000478289
HLA-C,900,CALR
HLA-C,976,HLA-E
HLA-C,911,HLA-DMB
HLA-C,908,CD8B2
HLA-C,900,HLA-DOA
HLA-C,894,KLRC1
HLA-C,700,TYROBP
HLA-C,713,FAM3C
HLA-C,890,LILRB2
HLA-C,929,HLA-DMA
HLA-C,913,CD160
HLA-C,999,B2M
HLA-C,900,HLA-DPB1
HLA-C,848,HLA-G
HLA-C,990,HLA-A
HLA-C,900,PDIA3
HLA-C,990,LILRB1
HLA-C,918,SPART
HLA-C,968,SORBS1
HLA-C,900,HLA-DPA1
FLOT1,900,SLC6A3
FLOT1,768,MYOC
FLOT1,984,FLOT2
FLOT1,700,LRFN3
FLOT1,732,NGB
FLOT1,804,CORO1C
FLOT1,763,CD63
FLOT1,948,SORBS1
FLOT1,904,CDH1
TLE1,897,HDAC1
TLE1,844,HES1
TLE1,732,TCF7L2
TLE1,965,TLE4
TLE1,893,LEF1
TLE1,876,HNF4A
TLE1,870,TLE5
TLE1,900,BCL9
TLE1,809,TLE2
TLE1,900,LDB1
TLE1,900,PYGO2
TLE1,971,TLE3
TLE1,900,BCL9L
TLE1,926,CTNNB1
TLE1,929,TCF4
RREB1,801,KDM1A
RREB1,701,CTBP1
TH,812,SNCA
TH,933,TYR
TH,777,YWHAG
KLHL42,900,KCTD13
KLHL42,900,KBTBD7
KLHL42,900,ZSWIM8
KLHL42,756,GLMN
KLHL42,900,SPOPL
KLHL42,900,SPOP
KLHL42,900,ENC1
KLHL42,900,TNFAIP1
KLHL42,900,KLHL13
KLHL42,900,KLHL25
KLHL42,720,PEF1
KLHL42,720,KCTD10
KLHL42,720,KLHL40
KLHL42,720,KLHL2
KLHL42,900,KLHL12
KLHL42,965,CUL3
KLHL42,900,KLHL41
KLHL42,900,KBTBD8
KLHL42,720,PDCD6
KLHL42,942,RBX1
KLHL42,720,KLHL24
KLHL42,900,KLHL8
KLHL42,900,KCTD17
KLHL42,900,LZTR1
KLHL42,900,KLHL20
KLHL42,900,KBTBD6
KLHL42,900,KLHL21
KLHL42,900,KLHL7
KLHL42,900,GAN
KLHL42,900,KEAP1
KLHL42,900,KLHL9
KLHL42,900,KLHL3
KLHL42,900,KLHL22
GP2,845,NPC1
GP2,981,CD36
GP2,963,CD163
GP2,982,GTPBP1
HMG20A,770,RCOR3
HMG20A,729,PHF21A
HMG20A,793,GSE1
HMG20A,777,RCOR1
HMG20A,791,HMG20B
HMG20A,711,HDAC2
ASAH1,900,ASAH2
ASAH1,900,CERS6
ASAH1,900,CERS3
ASAH1,900,ACER2
ASAH1,900,ACER3
ASAH1,900,ACER1
ASAH1,900,CERS5
ASAH1,900,CERS4
ASAH1,900,CERS2
NADK2,900,NNT
LAMA1,810,LAMB2
LAMA1,913,LAMC1
LAMA1,795,NID2
LAMA1,783,ITGA6
LAMA1,904,LAMA2
LAMA1,827,ITGB1
LAMA1,900,DAG1
LAMA1,768,ITGA2
LAMA1,972,LAMB1
LAMA1,905,LAMA5
ERCC2,800,MED11
ERCC2,979,TAF7
ERCC2,979,TAF9
ERCC2,999,GTF2H2
ERCC2,945,POLR2A
ERCC2,945,POLR2C
ERCC2,992,GTF2F1
ERCC2,988,GTF2A2
ERCC2,943,CIAO1
ERCC2,944,POLR2I
ERCC2,999,CDK7
ERCC2,808,H4C5
ERCC2,869,MED31
ERCC2,808,H4C15
ERCC2,898,ERCC5
ERCC2,900,CDK9
ERCC2,999,GTF2H5
ERCC2,900,CCNT2
ERCC2,808,H4C8
ERCC2,979,TAF2
ERCC2,941,TAF12
ERCC2,863,MED17
ERCC2,800,MED30
ERCC2,944,POLR2F
ERCC2,800,MED4
ERCC2,900,CCNT1
ERCC2,979,TAF3
ERCC2,979,TAF8
ERCC2,800,MED1
ERCC2,805,H3C14
ERCC2,944,POLR2L
ERCC2,991,GTF2B
ERCC2,808,H4C12
ERCC2,869,MED6
ERCC2,944,GTF2F2
ERCC2,988,GTF2A1
ERCC2,995,GTF2E2
ERCC2,869,MED14
ERCC2,800,MED28
ERCC2,720,TAF4B
ERCC2,800,H2BC11
ERCC2,808,H4C14
ERCC2,800,MED29
ERCC2,800,MED8
ERCC2,808,H4C6
ERCC2,808,H4C1
ERCC2,948,POLR2E
ERCC2,800,MED25
ERCC2,999,GTF2H1
ERCC2,944,POLR2H
ERCC2,944,POLR2K
ERCC2,800,MED9
ERCC2,979,TAF13
ERCC2,821,ERCC1
ERCC2,825,MED26
ERCC2,960,CIAO2B
ERCC2,800,MED24
ERCC2,955,TCEA1
ERCC2,869,MED10
ERCC2,808,H4-16
ERCC2,808,H4C2
ERCC2,964,POLR2D
ERCC2,944,POLR2G
ERCC2,808,H4C3
ERCC2,988,TBP
ERCC2,808,H4C4
ERCC2,724,ERCC6
ERCC2,900,TAF9B
ERCC2,979,TAF5
ERCC2,805,H3C13
ERCC2,800,MED20
ERCC2,999,GTF2H3
ERCC2,979,TAF10
ERCC2,800,H2AZ1
ERCC2,979,TAF1
ERCC2,805,H3C15
ERCC2,800,MED16
ERCC2,866,GTF2H2C
ERCC2,999,CCNH
ERCC2,999,MNAT1
ERCC2,941,TAF4
ERCC2,800,MED27
ERCC2,906,MED7
ERCC2,808,H4C9
ERCC2,979,TAF11
ERCC2,808,H4C11
ERCC2,800,MED15
ERCC2,800,MED23
ERCC2,869,MED21
ERCC2,710,CETN2
ERCC2,970,MMS19
ERCC2,900,SLC25A5
ERCC2,800,MED22
ERCC2,997,XPA
ERCC2,999,GTF2H4
ERCC2,999,ERCC3
ERCC2,944,POLR2B
ERCC2,808,H4C13
ERCC2,800,MED18
ERCC2,941,POLR2J
ERCC2,996,GTF2E1
ERCC2,800,MED19
ERCC2,979,TAF6
ETS1,991,PAX5
ETS1,730,STAT5B
ETS1,943,ETS2
ETS1,998,RUNX1
ETS1,764,GATA3
ETS1,911,EP300
ETS1,864,SRF
ETS1,926,NFKB2
ETS1,868,MAPK1
ETS1,742,MAFB
ETS1,904,TP53
ETS1,958,FOXO1
ETS1,746,TBX21
CD79B,823,9606.ENSP00000478289
CD79B,801,CANX
CD79B,802,IGHD
CD79B,969,IGLL1
CD79B,999,CD79A
CD79B,859,LYN
CD79B,982,CXCL9
CD79B,720,BLNK
CD79B,952,VPREB1
CD79B,885,IGLL5
CD79B,989,SYK
PTGFRN,735,CD151
PTGFRN,994,CD81
PTGFRN,743,EZR
PTGFRN,994,CD9
TSPAN8,870,CLDN7
TSPAN8,979,ITGA4
ATP5MC1,947,ATP5MF
ATP5MC1,953,ATP5PF
ATP5MC1,762,ATP6V0A1
ATP5MC1,750,ATP5MGL
ATP5MC1,950,ATP5PD
ATP5MC1,926,ATP5F1E
ATP5MC1,947,MT-ATP8
ATP5MC1,977,ATP5F1A
ATP5MC1,971,ATP5F1D
ATP5MC1,920,ATP5PO
ATP5MC1,892,ATP5MD
ATP5MC1,982,ATP5MC3
ATP5MC1,712,ATP6AP2
ATP5MC1,980,MT-ATP6
ATP5MC1,805,ATP6V0D1
ATP5MC1,729,ATP6V0D2
ATP5MC1,869,9606.ENSP00000394107
ATP5MC1,909,ATP5F1B
ATP5MC1,891,ATP5MG
ATP5MC1,978,ATP5F1C
ATP5MC1,947,ATP5ME
ATP5MC1,973,ATP5MC2
ATP5MC1,926,ATP5MPL
ATP5MC1,947,ATP5PB
ARAP1,762,SH3KBP1
ARAP1,900,PTK6
TFAP2B,755,TFAP2D
TFAP2B,950,TFAP2A
TFAP2B,872,YEATS4
TFAP2B,716,CITED2
PRC1,751,KIF23
PRC1,900,TUBB2B
PRC1,901,TUBA1B
PRC1,902,KIF14
STEAP2,929,STEAP1
MOB1B,998,LATS1
MOB1B,969,LATS2
MOB1B,965,MOB1A
NDUFAF6,800,MT-ND1
NDUFAF6,830,NDUFAF5
FAF1,900,CFLAR
FAF1,734,KCTD10
FAF1,917,HSPA1B
FAF1,970,NPLOC4
FAF1,974,FAS
FAF1,700,NLRP12
FAF1,734,KCTD13
FAF1,734,UBXN2B
FAF1,982,FADD
FAF1,900,TRADD
FAF1,900,CASP10
FAF1,734,UBXN6
FAF1,734,BTBD9
FAF1,734,ASPSCR1
FAF1,989,UFD1
FAF1,720,FAF2
FAF1,922,UBXN7
FAF1,997,VCP
FAF1,720,RIPK1
FAF1,734,TNFAIP1
FAF1,734,NSFL1C
FAF1,922,UBXN1
FAF1,900,HSPA1A
FAF1,987,CASP8
FAF1,720,RNF125
UBE2E2,926,UBE2E3
UBE2E2,924,PRKN
UBE2E2,960,RLIM
UBE2E2,769,RNF8
UBE2E2,918,UBE2E1
UBE2E2,723,DET1
RGS11,994,GNB5
ARPIN-AP3S2,800,ARPIN
ARPIN-AP3S2,716,AP3D1
ARPIN-AP3S2,936,TNKS2
ALKBH5,851,FTO
ALKBH5,742,FOXM1
ALKBH5,963,DDX46
SETD2,813,H2BC8
SETD2,922,H3C8
SETD2,822,H4C13
SETD2,922,H3C7
SETD2,922,H3C4
SETD2,921,9606.ENSP00000489311
SETD2,915,HNRNPLL
SETD2,942,H3C1
SETD2,822,H4C11
SETD2,922,H3C10
SETD2,822,H4C9
SETD2,922,H3C12
SETD2,813,H2BC10
SETD2,921,H2AC7
SETD2,922,H3C15
SETD2,922,H3C3
SETD2,813,H2BC7
SETD2,822,H4C2
SETD2,822,H4C3
SETD2,822,H4C4
SETD2,922,H3C13
SETD2,922,H3-3A
SETD2,922,H3C6
SETD2,822,H4C1
SETD2,813,H2BC6
SETD2,918,HNRNPL
SETD2,922,H3-2
SETD2,822,H4-16
SETD2,922,H3C14
SETD2,822,H4C12
SETD2,942,H3-4
SETD2,922,H3C11
SETD2,780,IWS1
SETD2,822,H4C14
SETD2,926,HTT
SETD2,868,H4C6
SETD2,922,H3C2
SETD2,822,H4C8
SETD2,813,H2BC4
SETD2,922,H3-3B
SETD2,995,POLR2A
SETD2,813,H2BC21
SETD2,822,H4C5
SETD2,822,H4C15
SETD2,976,WDR5
KSR2,711,MAP2K2
KSR2,900,KSR1
KSR2,772,BRAF
KSR2,990,MAP2K1
BCAR1,745,CD2AP
BCAR1,827,INPPL1
BCAR1,983,TLN2
BCAR1,815,PTK2B
BCAR1,778,FYN
BCAR1,995,CRKL
BCAR1,996,PXN
BCAR1,817,PTPN12
BCAR1,780,NPHP4
BCAR1,918,NCK1
BCAR1,900,PTK6
BCAR1,826,TRIP6
BCAR1,863,CBL
BCAR1,967,BCAR3
BCAR1,992,RAPGEF1
BCAR1,994,VCL
BCAR1,994,SRC
BCAR1,903,ESR1
BCAR1,841,ZYX
BCAR1,743,LCK
BCAR1,991,TLN1
BCAR1,999,PTK2
BCAR1,981,SH2D3C
BCAR1,765,ILK
BCAR1,753,NEDD9
BCAR1,714,ERBB2
BCAR1,999,CRK
BCAR1,937,GRB2
BCAR1,993,DOCK1
BCAR1,764,LYN
RELN,800,SH3KBP1
RELN,897,LRP8
RELN,852,DAB1
RELN,994,VLDLR
SMARCD2,919,BRD7
SMARCD2,937,PHF10
SMARCD2,935,BRD9
SMARCD2,720,NCR1
SMARCD2,846,ACTB
SMARCD2,954,PBRM1
SMARCD2,969,SS18
SMARCD2,996,SMARCB1
SMARCD2,863,DPF2
SMARCD2,900,PPARG
SMARCD2,982,SMARCD3
SMARCD2,992,SMARCA2
SMARCD2,900,BICRAL
SMARCD2,882,ACTL6B
SMARCD2,964,BCL7C
SMARCD2,900,BCL11B
SMARCD2,720,RB1
SMARCD2,987,SMARCD1
SMARCD2,981,ARID1A
SMARCD2,962,BCL7B
SMARCD2,927,BICRA
SMARCD2,953,DPF3
SMARCD2,996,SMARCE1
SMARCD2,995,SMARCC2
SMARCD2,965,BCL7A
SMARCD2,900,BCL11A
SMARCD2,893,ARID2
SMARCD2,979,ARID1B
SMARCD2,980,ACTL6A
SMARCD2,846,ACTG1
SMARCD2,984,SMARCA4
SMARCD2,997,SMARCC1
SMARCD2,744,DPF1
GPSM1,709,NUMA1
COMMD5,819,CCDC22
COMMD5,749,FAU
COMMD5,719,COMMD1
COMMD5,733,COMMD2
HLA-DQB2,773,HLA-DQA2
HLA-DQB2,849,HLA-DRA
FTSJ3,736,DDX18
FTSJ3,715,RPL14
FTSJ3,718,RPL18A
FTSJ3,744,RSL24D1
FTSJ3,894,NOC2L
FTSJ3,802,RPL30
FTSJ3,723,RPL23
FTSJ3,762,RPL7A
FTSJ3,732,GTPBP4
FTSJ3,701,NOL12
FTSJ3,758,RPL36
FTSJ3,893,NIFK
FTSJ3,762,RPL23A
FTSJ3,885,MRTO4
FTSJ3,741,NOC3L
FTSJ3,800,RRS1
FTSJ3,866,RPF1
FTSJ3,758,RPL15
FTSJ3,906,MAK16
FTSJ3,888,NSA2
FTSJ3,917,EBNA1BP2
FTSJ3,829,WDR12
FTSJ3,768,RRP1B
FTSJ3,876,EIF6
FTSJ3,767,RPL4
FTSJ3,740,WDR74
FTSJ3,864,NIP7
FTSJ3,765,RSL1D1
FTSJ3,741,NOP53
FTSJ3,872,BOP1
FTSJ3,897,PES1
FTSJ3,821,NOP2
C4A,874,C4BPB
C4A,863,C5AR1
C4A,749,CFH
C4A,994,CD46
C4A,964,C4BPA
C4A,934,C3AR1
C4A,994,CR1
C4A,801,C2
C4A,744,ENPEP
C4A,891,PROS1
C4A,998,C4B
C4A,970,CD55
C4A,988,C3
PTH1R,900,PTH2R
PTH1R,962,LRP6
PTH1R,999,PTHLH
PTH1R,999,PTH
PTH1R,909,GNB1
PTH1R,800,9606.ENSP00000478725
PTH1R,802,GNG2
PTH1R,939,GNAS
ENPP3,900,GALT
ENPP3,900,ENPP1
ENPP3,900,UGP2
ENPP3,900,NMNAT2
ENPP3,900,COASY
ENPP3,900,FLAD1
ENPP3,900,ITPA
ENPP3,900,NUDT12
ENPP3,900,NMNAT1
IGF2BP2,978,HMGA2
IGF2BP2,830,DHX9
IGF2BP2,972,IGF2
BDNF,983,NTRK3
BDNF,987,NTF3
BDNF,999,NTRK2
BDNF,802,SORCS2
BDNF,983,NTRK1
BDNF,839,GFRA1
BDNF,990,SORT1
BDNF,998,NGFR
BDNF,983,NTF4
C4B,802,C4BPB
C4B,744,ENPEP
C4B,713,CFH
C4B,892,PROS1
C4B,955,C4BPA
C4B,994,CD46
C4B,942,CD55
C4B,998,C4A
C4B,988,C3
C4B,994,CR1
C4B,888,C2
FTO,851,ALKBH5
ADCY5,921,AKAP5
ADCY5,897,PKD2
ADCY5,840,PRKACB
ADCY5,758,GNAS
ADCY5,767,9606.ENSP00000347689
ADCY5,957,ADCY6
ADCY5,896,PRKACA
ADCY5,840,PRKACG
ADCY5,767,PDE4C
PRIMPOL,734,TIMELESS
PRIMPOL,982,RPA1
PRIMPOL,734,CLSPN
PRIMPOL,734,SMARCAL1
PRIMPOL,734,RPA2
PRIMPOL,734,TIPIN
PRIMPOL,734,RPA3
PRIMPOL,734,RFWD3
SNF8,900,CHMP1B
SNF8,946,TSG101
SNF8,999,VPS25
SNF8,990,CHMP6
SNF8,900,UBAP1
SNF8,900,CHMP7
SNF8,900,MVB12A
SNF8,910,CHMP2A
SNF8,900,VPS37B
SNF8,900,CHMP4A
SNF8,930,VPS28
SNF8,900,CHMP2B
SNF8,900,STAM
SNF8,900,VPS37A
SNF8,720,STAM2
SNF8,999,VPS36
SNF8,925,VPS37C
SNF8,900,MVB12B
SNF8,900,CHMP3
SNF8,900,HGS
SNF8,918,CHMP4B
SNF8,900,VPS37D
ACSL1,819,CPT1A
NUCB2,894,ERAP1
HMGA2,793,SMAD5
HMGA2,978,IGF2BP2
HMGA2,793,SMAD1
HMGA2,930,SMAD3
HMGA2,900,SMAD2
HMGA2,846,HMGA1
HMGA2,900,SMAD4
HMGA2,793,SMAD9
HNF1A,741,FOS
HNF1A,728,EP300
HNF1A,956,PCBD1
HNF1A,922,HNF1B
CMIP,758,RELA
MAN2A2,900,MAN2A1
SNUPN,719,SNRPD3
SNUPN,785,SNRPD1
SNUPN,994,KPNB1
SNUPN,725,SNRPF
SNUPN,998,XPO1
SNUPN,776,SNRPE
SNUPN,966,RAN
SNUPN,747,SNRPB
SNUPN,923,NUP214
MAN2C1,900,MAN2B2
MAN2C1,719,XRN1
MAN2C1,900,MAN2B1
PITPNC1,827,RAB1B
DDX42,790,U2SURP
DDX42,991,PHF5A
DDX42,960,SF3B4
DDX42,807,SF3A1
DDX42,937,SF3B6
DDX42,861,SF3A2
DDX42,941,SF3B2
DDX42,715,SF3A3
DDX42,997,SF3B1
DDX42,844,DHX15
DDX42,992,SF3B3
DDX42,992,SF3B5
GIPR,909,GNB1
GIPR,800,9606.ENSP00000478725
GIPR,900,9606.ENSP00000481152
GIPR,927,GNAS
GIPR,977,GCG
GIPR,802,GNG2
GIPR,999,GIP
FBXW7,982,FLI1
FBXW7,998,CUL1
FBXW7,967,JUN
FBXW7,973,CCNE1
FBXW7,900,FBXO2
FBXW7,998,RBX1
FBXW7,716,CCT3
FBXW7,732,CDC34
FBXW7,900,USP28
FBXW7,701,CTNNB1
FBXW7,972,BTRC
FBXW7,848,PRKN
FBXW7,857,NOTCH1
FBXW7,987,MYC
FBXW7,926,DISC1
FBXW7,900,FBXO4
FBXW7,735,ACVR1
FBXW7,972,SKP2
FBXW7,900,FBXW11
FBXW7,999,SKP1
CAMK1D,700,CALML3
CAMK1D,766,CALM3
SYN2,762,MARCKS
SYN2,719,STXBP5
HNF1B,922,HNF1A
DCAF7,716,CCT2
DCAF7,900,DTL
DCAF7,900,FBXW5
DCAF7,900,COP1
DCAF7,984,DDB1
DCAF7,900,CRBN
DCAF7,720,GLMN
DCAF7,900,DCAF5
DCAF7,716,TCP1
DCAF7,900,DCAF15
DCAF7,965,PAX6
DCAF7,900,DCAF13
DCAF7,900,DCAF8
DCAF7,728,HIPK2
DCAF7,802,MAP3K1
DCAF7,940,DDA1
DCAF7,970,CUL4B
DCAF7,900,DCAF4
DCAF7,716,CCT4
DCAF7,726,CCT8
DCAF7,900,DCAF17
DCAF7,937,DYRK1A
DCAF7,933,AMBRA1
DCAF7,900,DCAF6
DCAF7,900,CDKN1B
DCAF7,716,CCT3
DCAF7,900,DCAF1
DCAF7,716,CCT5
DCAF7,743,NCOR2
DCAF7,703,RYBP
DCAF7,900,TRPC4AP
DCAF7,900,DCAF11
DCAF7,900,DCAF10
DCAF7,716,CCT6A
DCAF7,875,DYRK1B
DCAF7,900,ERCC8
DCAF7,716,CCT7
DCAF7,900,DDB2
DCAF7,900,DCAF16
DCAF7,970,CUL4A
DCAF7,900,DCAF12
DCAF7,900,DET1
DCAF7,900,RBX1
POLR2J3,875,POLR2L
POLR2J3,712,POLR2H
POLR2J3,713,POLR2E
POLR2J3,793,POLR2K
POLR2J3,829,POLR2C
POLR2J3,780,POLR2A
POLR2J3,712,POLR2I
POLR2J3,900,POLR2J2
POLR2J3,713,POLR2F
POLR2J3,792,POLR2B
POLR2J3,900,POLR2J
POLR2J3,758,POLR2M
POLR2J3,843,POLR2D
POLR2J3,712,POLR2G
PPIP5K2,900,PPIP5K1
TCF7L2,928,TCF7
TCF7L2,755,LEF1
TCF7L2,732,TLE1
TCF7L2,700,VENTX
TCF7L2,814,TLE4
TCF7L2,935,EP300
TCF7L2,900,TERT
TCF7L2,755,CTBP1
TCF7L2,802,TEAD1
TCF7L2,875,YAP1
TCF7L2,886,HDAC1
TCF7L2,959,TCF7L1
TCF7L2,800,TEAD4
TCF7L2,999,CTNNB1
TCF7L2,959,JUP
TCF7L2,729,TCF4
TCF7L2,865,RUNX3
TCF7L2,800,TEAD2
TCF7L2,720,BCL9L
TCF7L2,800,TEAD3
TCF7L2,802,TLE3
TCF7L2,720,PYGO2
TCF7L2,968,BCL9
TCF7L2,720,LDB1
TCF7L2,947,CREBBP
TCF7L2,900,RUVBL1
NRXN3,726,LRRTM3
NRXN3,779,NLGN2
NRXN3,793,NLGN3
NRXN3,888,NLGN1
NRXN3,823,LRRTM2
ABCC8,820,RAPGEF4
ABCC8,966,TRPM4
ABCC8,889,ABCC9
ABCC8,999,KCNJ11
ABCC8,996,KCNJ8
LPL,714,APOA5
LPL,999,GPIHBP1
LPL,869,HDLBP
LPL,729,SORT1
LPL,784,LIPC
LPL,873,APOC2
LPL,846,APOE
LPL,815,APOC3
LPL,728,LRP2
LPL,757,VLDLR
