source,target,Structural_Weight,Regulatory_Weight,Regulatory_Weight_Log,Edge_Feature_Impact,Regulatory_Weight_Norm,Unified_Weight
rs10011838,DKFZP434I0714-TMEM154,0.1,0.0,0.0,MODIFIER,0.0,0.1
rs10077431,YTHDC2,0.4,0.0,0.0,LOW,0.0,0.4
rs10087241,PURG,0.1,0.0,0.0,MODIFIER,0.0,0.1
rs10100265,AF131215.2,0.0,2.129776766311991,1.1409616813415266,,0.26428176545557236,0.26428176545557236
rs10100265,AF131215.9,0.0,1.3425550644123443,0.8512422415403286,,0.19717384562829737,0.19717384562829737
rs10100265,FAM167A,0.0,1.546335756437846,0.9346553674960454,,0.21649488729888633,0.21649488729888633
rs10100265,PINX1,0.1,0.0,0.0,MODIFIER,0.0,0.1
rs10100265,RP1L1,0.0,2.2157748389104652,1.1680683360891144,,0.27056049916717617,0.27056049916717617
rs10100265,SOX7,0.0,0.7581969526049982,0.5642888251863672,,0.1307066217787065,0.1307066217787065
rs10114341,PTPDC1-MIRLET7A1,0.1,0.0,0.0,MODIFIER,0.0,0.1
rs1016565,DMRT2,0.0,1.3521063823000183,0.8553112595832448,,0.19811635517058812,0.19811635517058812
rs1016565,DMRT3-LINC01230,0.1,0.0,0.0,MODIFIER,0.0,0.1
rs10401969,ATP13A1,0.0,1.891801162417121,1.0618795475819032,,0.24596391458663422,0.24596391458663422
rs10401969,MAU2,0.0,2.6131981186209723,1.2845932855973492,,0.2975512560692387,0.2975512560692387
rs10401969,SUGP1,0.1,0.0,0.0,MODIFIER,0.0,0.1
rs1050226,SSR1,0.1,0.0,0.0,MODIFIER,0.0,0.1
rs10507349,RNF6,0.1,0.0,0.0,MODIFIER,0.0,0.1
rs1061813,ANKH,0.1,0.0,0.0,MODIFIER,0.0,0.1
rs1063355,HLA-DQB1,0.1,0.0,0.0,MODIFIER,0.0,0.1
rs1063355,HLA-DQB1-AS1,0.1,0.0,0.0,MODIFIER,0.0,0.1
rs1063355,HLA-DRB5,0.0,4.564278745487251,1.716367370845018,,0.3975633944199761,0.3975633944199761
rs1063355,HLA-DRB6,0.0,30.988788089873104,3.4653854692135835,,0.8026897000704031,0.8026897000704031
rs1063355,HLA-DRB9,0.0,5.659517744420246,1.8960470711828021,,0.4391827311587563,0.4391827311587563
rs10740322,C10orf35-COL13A1,0.1,0.0,0.0,MODIFIER,0.0,0.1
rs10786053,EIF2S2P3,0.0,6.924533769343288,2.069963487665993,,0.4794671143606897,0.4794671143606897
rs10786053,HHEX-EXOC6,0.1,0.0,0.0,MODIFIER,0.0,0.1
rs10795946,CDC123-CAMK1D,0.1,0.0,0.0,MODIFIER,0.0,0.1
rs10811661,CDKN2B-AS1-DMRTA1,0.1,0.0,0.0,MODIFIER,0.0,0.1
rs10830963,MTNR1B,0.1,0.0,0.0,MODIFIER,0.0,0.1
rs10842994,KLHL42,0.0,1.890710562412602,1.0615023412503475,,0.245876542015868,0.245876542015868
rs10842994,KLHL42-PTHLH,0.1,0.0,0.0,MODIFIER,0.0,0.1
rs10842994,RP11-993B23.3,0.0,24.893145506403194,3.2539782814164773,,0.7537213028536582,0.7537213028536582
rs10852123,ANPEP,0.0,1.2550815398844095,0.8131861318948725,,0.18835888189380418,0.18835888189380418
rs10852123,AP3S2,0.1,73.9796552614974,4.317216813557764,MODIFIER,1.0,1.0
rs10852123,C15orf38-AP3S2,0.1,0.0,0.0,MODIFIER,0.0,0.1
rs10852123,MIR5009,0.1,0.0,0.0,MODIFIER,0.0,0.1
rs10852123,RP11-493E3.1,0.0,1.999762519500258,1.0985331253681976,,0.25445400886941094,0.25445400886941094
rs10860209,NEDD1-RMST,0.1,0.0,0.0,MODIFIER,0.0,0.1
rs10886863,WDR11-FGFR2,0.1,0.0,0.0,MODIFIER,0.0,0.1
rs10938398,GNPDA2-GABRG1,0.1,0.0,0.0,MODIFIER,0.0,0.1
rs10950550,DGKB-AGMO,0.1,0.0,0.0,MODIFIER,0.0,0.1
rs10965248,CDKN2B-AS1-DMRTA1,0.1,0.0,0.0,MODIFIER,0.0,0.1
rs10974438,GLIS3,0.1,0.0,0.0,MODIFIER,0.0,0.1
rs11098676,AFG2A,0.0,1.6512361085846146,0.9750259873109831,,0.22584596266951817,0.22584596266951817
rs11098676,NUDT6,0.1,2.2385619633906617,1.1751293928191227,MODIFIER,0.2721960567578521,0.2721960567578521
rs11098676,RP11-170N16.3,0.0,2.0304142069859985,1.1086993121539912,,0.2568088099426088,0.2568088099426088
rs11107116,SOCS2-CRADD,0.1,0.0,0.0,MODIFIER,0.0,0.1
rs1111875,EIF2S2P3,0.0,8.440755302220765,2.2450359877851844,,0.5200192820371878,0.5200192820371878
rs1111875,HHEX-EXOC6,0.1,0.0,0.0,MODIFIER,0.0,0.1
rs111246699,KSR2,0.1,0.0,0.0,MODIFIER,0.0,0.1
rs11205766,CDKN2C,0.0,2.5363289464921297,1.2630891683026837,,0.2925702420911744,0.2925702420911744
rs11205766,FAF1,0.1,0.0,0.0,MODIFIER,0.0,0.1
rs11257655,CAMK1D,0.0,10.91723818197725,2.4779859386486573,,0.5739776447795727,0.5739776447795727
rs11257655,CDC123-CAMK1D,0.1,0.0,0.0,MODIFIER,0.0,0.1
rs11257655,RP11-186N15.3,0.0,0.8514121881386474,0.6159486928304754,,0.14267263365049293,0.14267263365049293
rs11257657,CAMK1D,0.0,6.556812962431572,2.022449535491662,,0.4684614238368507,0.4684614238368507
rs11257657,CDC123-CAMK1D,0.1,0.0,0.0,MODIFIER,0.0,0.1
rs11257657,RP11-186N15.3,0.0,0.7275156700268725,0.5466843475458252,,0.1266288841063114,0.1266288841063114
rs1127655,CD101,0.0,2.680896409807407,1.3031563121392826,,0.3018510231051768,0.3018510231051768
rs1127655,PTGFRN,0.1,1.6882703057515283,0.9888979777804874,MODIFIER,0.2290591416847441,0.2290591416847441
rs113154802,PTCH1,0.1,1.8054154242385434,1.031551629341554,MODIFIER,0.2389390373219327,0.2389390373219327
rs117027183,NADK2,0.1,0.0,0.0,MODIFIER,0.0,0.1
rs117027183,SKP2,0.1,0.0,0.0,MODIFIER,0.0,0.1
rs117027183,SKP2-NADK2,0.1,0.0,0.0,MODIFIER,0.0,0.1
rs11708067,ADCY5,0.4,0.0,0.0,LOW,0.0,0.4
rs11720108,ADCY5,0.1,0.0,0.0,MODIFIER,0.0,0.1
rs117267808,ACSM1,0.0,4.3998596852826655,1.6863729690257196,,0.39061576980100765,0.39061576980100765
rs117267808,GP2,0.1,0.0,0.0,MODIFIER,0.0,0.1
rs1182444,UBE3C,0.1,0.676832992958972,0.5169068910954383,MODIFIER,0.1197315106973888,0.1197315106973888
rs11925227,RPL22L1,0.0,2.495309668891525,1.2514219751631632,,0.28986776184907004,0.28986776184907004
rs11925227,SLC2A2-TNIK,0.1,0.0,0.0,MODIFIER,0.0,0.1
rs11926494,UBE2E2,0.1,0.0,0.0,MODIFIER,0.0,0.1
rs11926707,NBEAL2,0.0,1.8101561776705783,1.0332400610433843,,0.23933012995747693,0.23933012995747693
rs11926707,PRSS45,0.0,2.933903987307512,1.3696323137990627,,0.31724890663305966,0.31724890663305966
rs11926707,PTH1R,0.1,0.9755875103945769,0.6808658277340885,MODIFIER,0.15770943576331425,0.15770943576331425
rs11926707,SCAP,0.0,0.37335418165591866,0.3172560553955144,,0.07348624567550213,0.07348624567550213
rs11926707,SETD2,0.0,0.674439178514505,0.5154782904153912,,0.11940060290615609,0.11940060290615609
rs1206684,ARG1,0.0,0.6592822807969301,0.5063851479077948,,0.11729435184203525,0.11729435184203525
rs1206684,ENPP3,0.1,0.0,0.0,MODIFIER,0.0,0.1
rs1206684,MED23-ENPP3,0.1,0.0,0.0,MODIFIER,0.0,0.1
rs12088739,CDKN2C,0.0,2.332112225144408,1.2036064047531323,,0.2787922072788499,0.2787922072788499
rs12088739,CDKN2C-MIR4421,0.1,0.0,0.0,MODIFIER,0.0,0.1
rs12243326,TCF7L2,0.0,1.0280867748399216,0.7070928731961443,,0.1637844249507214,0.1637844249507214
rs12244851,TCF7L2,0.0,1.9400857732203185,1.078438755489755,,0.24979953568767538,0.24979953568767538
rs12260037,TCF7L2,0.0,1.2706003369579484,0.8200442621486853,,0.18994743548052131,0.18994743548052131
rs12299509,CCND2,0.1,0.0,0.0,MODIFIER,0.0,0.1
rs123378,DLEU1,0.1,0.0,0.0,MODIFIER,0.0,0.1
rs12437434,NYNRIN,0.8,0.0,0.0,MODERATE,0.0,0.8
rs12566129,VAV3,0.1,4.948620701175082,1.783159377755747,MODIFIER,0.4130344744688112,0.4130344744688112
rs1260326,GCKR,0.8,0.0,0.0,MODERATE,0.0,0.8
rs1260326,GPN1,0.0,0.6726708594643309,0.5144216659276211,,0.11915585622480993,0.11915585622480993
rs1260326,KRTCAP3,0.0,1.0491199175586623,0.7174103924630665,,0.16617427927411815,0.16617427927411815
rs1260326,NRBP1,0.0,2.082375463049282,1.125700553958548,,0.26074681966942315,0.26074681966942315
rs1260326,PPM1G,0.0,0.8681832723616679,0.624966446536677,,0.1447614223529464,0.1447614223529464
rs1260326,SNX17,0.0,10.155867120038254,2.411965558618494,,0.558685297213698,0.558685297213698
rs12610052,BHMG1,0.1,0.0,0.0,MODIFIER,0.0,0.1
rs12610052,ERCC2,0.0,1.2249119688162433,0.7997173502585357,,0.1852390984272802,0.1852390984272802
rs12610052,FBXO46,0.1,0.0,0.0,MODIFIER,0.0,0.1
rs12617659,LINC01101-GLI2,0.1,0.0,0.0,MODIFIER,0.0,0.1
rs12625671,HNF4A,0.1,0.0,0.0,MODIFIER,0.0,0.1
rs1266488,MAN2A2,0.1,0.9683829596610091,0.6772123730229201,MODIFIER,0.1568631834510155,0.1568631834510155
rs1266488,VPS33B,0.0,2.1522867313328224,1.1481281359207332,,0.26594173642499436,0.26594173642499436
rs12698877,AUTS2,0.1,0.0,0.0,MODIFIER,0.0,0.1
rs12712928,AC012354.6,0.0,6.047875886554145,1.9527262787390613,,0.4523113763030687,0.4523113763030687
rs12712928,SIX3,0.0,6.89021420971993,2.0656232840101447,,0.4784617899020666,0.4784617899020666
rs12712928,SIX3-AS1,0.0,5.493396884560237,1.8707857966483195,,0.43333144417795133,0.43333144417795133
rs12712928,SIX3-SIX2,0.1,0.0,0.0,MODIFIER,0.0,0.1
rs12818766,CCND2-AS1,0.1,0.0,0.0,MODIFIER,0.0,0.1
rs12907887,INAFM2,0.1,0.0,0.0,MODIFIER,0.0,0.1
rs12907887,PLCB2-INAFM2,0.1,0.0,0.0,MODIFIER,0.0,0.1
rs12910825,MAN2A2,0.0,1.1569203365171552,0.768681434187748,,0.17805022712173846,0.17805022712173846
rs12910825,PRC1,0.1,0.0,0.0,MODIFIER,0.0,0.1
rs12910825,PRC1-AS1,0.1,1.5659808789052732,0.9423408144530044,MODIFIER,0.21827507284176287,0.21827507284176287
rs12910825,RCCD1,0.1,1.5567694209696814,0.9387445166347258,MODIFIER,0.21744205982120182,0.21744205982120182
rs12910825,VPS33B,0.0,2.385838815679778,1.2196016794118338,,0.28249720412044244,0.28249720412044244
rs12945601,ALKBH5,0.0,0.9856109579088258,0.6859266541419513,,0.15888167858233826,0.15888167858233826
rs12945601,RAI1,0.1,0.0,0.0,MODIFIER,0.0,0.1
rs12945601,RP1-253P7.4,0.0,2.974453658145388,1.3798872941682092,,0.31962427502710045,0.31962427502710045
rs12945601,SREBF1,0.0,1.7653176467867946,1.0171555096731604,,0.23560445388772014,0.23560445388772014
rs12945601,TOM1L2,0.0,1.4349513133764515,0.8899267618280695,,0.20613436856665346,0.20613436856665346
rs12970134,PMAIP1-MC4R,0.1,0.0,0.0,MODIFIER,0.0,0.1
rs13086331,LOC105374266,0.1,0.0,0.0,MODIFIER,0.0,0.1
rs13086331,LOC105374266-LPP-AS2,0.1,0.0,0.0,MODIFIER,0.0,0.1
rs13092876,IGF2BP2,0.1,0.0,0.0,MODIFIER,0.0,0.1
rs13234269,KLF14,0.0,2.98266644259528,1.3819515554241049,,0.320102421329462,0.320102421329462
rs13234269,KLF14-MIR29A,0.1,0.0,0.0,MODIFIER,0.0,0.1
rs13239186,CTTNBP2,0.1,0.0,0.0,MODIFIER,0.0,0.1
rs13266634,SLC30A8,0.8,0.0,0.0,MODERATE,0.0,0.8
rs1328412,LOC101927450-TLE4,0.1,0.0,0.0,MODIFIER,0.0,0.1
rs13330951,CYB5B-MIR1538,0.1,0.0,0.0,MODIFIER,0.0,0.1
rs13330951,NPIPB14P,0.0,2.6896954191471023,1.3055439124090804,,0.3024040646532176,0.3024040646532176
rs13389219,GRB14-COBLL1,0.1,0.0,0.0,MODIFIER,0.0,0.1
rs13389219,SLC38A11,0.0,5.015216553192447,1.794292350971837,,0.4156132129702291,0.4156132129702291
rs1359790,LINC01080-SPRY2,0.1,0.0,0.0,MODIFIER,0.0,0.1
rs1421085,FTO,0.1,1.0122859295585291,0.6992713542471488,MODIFIER,0.16197272095558435,0.16197272095558435
rs1421085,IRX3,0.0,1.8553286721696518,1.0491869580825692,,0.24302392105666507,0.24302392105666507
rs1426371,WSCD2,0.1,0.0,0.0,MODIFIER,0.0,0.1
rs1459513,ZBTB20-GAP43,0.1,0.0,0.0,MODIFIER,0.0,0.1
rs146716733,ARID5B,0.1,0.0,0.0,MODIFIER,0.0,0.1
rs147707338,OASL-P2RX7,0.1,0.0,0.0,MODIFIER,0.0,0.1
rs149265787,JPH1,0.1,0.0,0.0,MODIFIER,0.0,0.1
rs149336329,MYO5C,0.1,24.047914171580693,3.2207905574604525,MODIFIER,0.7460340067577563,0.7460340067577563
rs1496653,MIR548AC,0.1,0.0,0.0,MODIFIER,0.0,0.1
rs1496653,UBE2E2,0.1,0.0,0.0,MODIFIER,0.0,0.1
rs149716619,KLF14,0.0,2.5818121734138044,1.2758688660308073,,0.2955304125621107,0.2955304125621107
rs1513275,JAZF1,0.0,6.491774718067242,2.0138057144643966,,0.46645924942667966,0.46645924942667966
rs1513275,JAZF1-AS1,0.1,4.175389551969319,1.6439146120612198,MODIFIER,0.38078111039007334,0.38078111039007334
rs1552224,ARAP1,0.1,0.0,0.0,MODIFIER,0.0,0.1
rs1575972,CDKN2B-AS1-DMRTA1,0.1,0.0,0.0,MODIFIER,0.0,0.1
rs16884229,CDKAL1,0.1,0.0,0.0,MODIFIER,0.0,0.1
rs16918226,NRBF2,0.1,0.0,0.0,MODIFIER,0.0,0.1
rs16988333,HORMAD2,0.1,0.0,0.0,MODIFIER,0.0,0.1
rs16988333,HORMAD2-AS1,0.0,7.051537276896709,2.0858630392728976,,0.4831499388037368,0.4831499388037368
rs17072370,LINC01080-SPRY2,0.1,0.0,0.0,MODIFIER,0.0,0.1
rs17086692,SPATA18-USP46,0.1,0.0,0.0,MODIFIER,0.0,0.1
rs17168486,DGKB-AGMO,0.1,0.0,0.0,MODIFIER,0.0,0.1
rs17405722,STAT3,0.1,1.2273245740657448,0.8008011226333458,MODIFIER,0.18549013339300316,0.18549013339300316
rs17405722,STAT3-PTRF,0.1,0.0,0.0,MODIFIER,0.0,0.1
rs17411031,LPL,0.0,1.3924594086453026,0.8723218781175786,,0.2020565368359874,0.2020565368359874
rs17411031,LPL-SLC18A1,0.1,0.0,0.0,MODIFIER,0.0,0.1
rs1758632,PRSS3,0.0,1.5637536739385545,0.9414724634365048,,0.21807393607842668,0.21807393607842668
rs1758632,RP11-384P7.7,0.0,1.575461831582569,0.9460288701049402,,0.21912933979457233,0.21912933979457233
rs1758632,UBAP2,0.1,0.5950107039083542,0.4668804471286185,MODIFIER,0.10814384991331212,0.10814384991331212
rs17631783,CCDC47,0.0,0.5223836116683725,0.4202772721417912,,0.09734912335696339,0.09734912335696339
rs17631783,CD79B,0.0,1.3208237719519387,0.8419221967715375,,0.19501503703209194,0.19501503703209194
rs17631783,DCAF7,0.0,0.7010586130911702,0.5312507708395612,,0.12305399376080073,0.12305399376080073
rs17631783,DDX42,0.0,6.465778160650174,2.0103296667707635,,0.4656540900279863,0.4656540900279863
rs17631783,EEF1DP7,0.0,1.9023744146207449,1.0655291656506338,,0.24680927821471735,0.24680927821471735
rs17631783,FTSJ3,0.0,10.00492679268673,2.398343062769723,,0.5555299088148594,0.5555299088148594
rs17631783,MAP3K3,0.0,1.9650057259318776,1.0868789636221503,,0.25175454709824197,0.25175454709824197
rs17631783,RP11-51F16.1,0.0,0.9157432980741328,0.6501056925321689,,0.15058444377650446,0.15058444377650446
rs17631783,SMARCD2,0.0,2.0137316861019054,1.1031790737139937,,0.2555301531879465,0.2555301531879465
rs17631783,STRADA,0.0,0.9124682991287043,0.6483947109621986,,0.1501881278989703,0.1501881278989703
rs17631783,TACO1,0.1,0.0,0.0,MODIFIER,0.0,0.1
rs17631783,TACO1-MAP3K3,0.1,0.0,0.0,MODIFIER,0.0,0.1
rs17631783,TCAM1P,0.0,3.3841879442209444,1.4780044192151554,,0.342351214461511,0.342351214461511
rs17791513,LOC101927450-TLE4,0.1,0.0,0.0,MODIFIER,0.0,0.1
rs1801214,WFS1,0.4,5.657431919238648,1.8957338124784688,LOW,0.4391101708223494,0.4391101708223494
rs1850421,MBNL1-P2RY1,0.1,0.0,0.0,MODIFIER,0.0,0.1
rs186568031,SLC16A11-CLEC10A,0.1,0.0,0.0,MODIFIER,0.0,0.1
rs1899951,PPARG,0.1,0.0,0.0,MODIFIER,0.0,0.1
rs1899951,SYN2,0.0,1.4141240934949042,0.8813365271100762,,0.2041446063913982,0.2041446063913982
rs201018682,EIF5A2-SLC2A2,0.1,0.0,0.0,MODIFIER,0.0,0.1
rs201018682,RPL22L1,0.0,7.351155300676251,2.1223998886544155,,0.49161299520312307,0.49161299520312307
rs2058913,FBXL22,0.0,3.566378763385603,1.518720497664479,,0.3517823086612415,0.3517823086612415
rs2058913,HERC1,0.0,0.636440569516999,0.4925234986974703,,0.11408356818002564,0.11408356818002564
rs2058913,USP3,0.1,0.0,0.0,MODIFIER,0.0,0.1
rs2058913,USP3-AS1,0.0,1.1486392256772928,0.7648347234726067,,0.17715921078383737,0.17715921078383737
rs2074120,CALCR,0.1,0.0,0.0,MODIFIER,0.0,0.1
rs2074120,MIR653,0.1,0.0,0.0,MODIFIER,0.0,0.1
rs2092518,JPH2,0.1,0.0,0.0,MODIFIER,0.0,0.1
rs2126736,ANKRD31-HMGCR,0.1,0.0,0.0,MODIFIER,0.0,0.1
rs2126736,HMGCR,0.0,1.2979862945172356,0.8320332153170622,,0.19272444522687615,0.19272444522687615
rs2126736,LINC01336,0.0,1.8376984608377958,1.042993322507162,,0.2415892848447526,0.2415892848447526
rs2237892,KCNQ1,0.1,0.0,0.0,MODIFIER,0.0,0.1
rs2237897,KCNQ1,0.1,0.0,0.0,MODIFIER,0.0,0.1
rs2237897,KCNQ1-AS1,0.1,0.0,0.0,MODIFIER,0.0,0.1
rs2240885,IFT38,0.0,23.54528063041056,3.2005196007471843,,0.7413386306419195,0.7413386306419195
rs2240885,NLRC3,0.0,5.366431714371827,1.8510391422017163,,0.4287575125689131,0.4287575125689131
rs2240885,SLX4,0.1,0.0,0.0,MODIFIER,0.0,0.1
rs2240885,TRAP1,0.0,2.8183930630264817,1.3398296699853145,,0.31034569905725384,0.31034569905725384
rs2246618,C4B,0.0,2.533330193875439,1.262240823923698,,0.29237373947950995,0.29237373947950995
rs2246618,CYP21A1P,0.0,2.0777293537799086,1.1241921023043913,,0.2603974159402846,0.2603974159402846
rs2246618,MICB,0.1,0.0,0.0,MODIFIER,0.0,0.1
rs2246618,MICB-MCCD1,0.1,0.0,0.0,MODIFIER,0.0,0.1
rs2261181,RPSAP52,0.1,0.0,0.0,MODIFIER,0.0,0.1
rs2269245,PGM1,0.1,0.0,0.0,MODIFIER,0.0,0.1
rs2289488,KCNQ1DN,0.1,0.0,0.0,MODIFIER,0.0,0.1
rs2294120,COMMD5,0.0,1.2881322421751187,0.8277358700007635,,0.19172904807591462,0.19172904807591462
rs2294120,PPP1R16A,0.0,0.6856911623511446,0.5221756650729025,,0.12095192055980715,0.12095192055980715
rs2294120,RPL8,0.0,18.803721319942895,2.9858698654926172,,0.6916191598522009,0.6916191598522009
rs2294120,ZNF34,0.1,20.669877181540762,3.0759231478598834,MODIFIER,0.7124782656734475,0.7124782656734475
rs2294120,ZNF517,0.0,2.581674856233327,1.275830527947713,,0.29552153228466577,0.29552153228466577
rs2294120,ZNF7,0.0,1.418248174371395,0.8830433831423227,,0.20453996666769617,0.20453996666769617
rs2296173,BMP8A,0.0,2.433134356848084,1.2334736505719721,,0.2857103786630262,0.2857103786630262
rs2296173,MACF1,0.1,0.0,0.0,MODIFIER,0.0,0.1
rs2296173,OXCT2P1,0.0,11.712574079444884,2.5425915886493327,,0.5889422974228655,0.5889422974228655
rs2296173,PABPC4,0.0,3.0795780590509296,1.405993566168892,,0.3256712893717817,0.3256712893717817
rs2296173,PABPC4-AS1,0.0,4.214151348044104,1.6513763423328556,,0.38250947627806925,0.38250947627806925
rs2296173,RP11-69E11.4,0.0,2.7371091915550085,1.3183123691171557,,0.305361631358688,0.305361631358688
rs2299383,RELN,0.1,0.0,0.0,MODIFIER,0.0,0.1
rs2327777,SLC35D3-NHEG1,0.1,0.0,0.0,MODIFIER,0.0,0.1
rs234866,KCNQ1,0.1,0.0,0.0,MODIFIER,0.0,0.1
rs234866,KCNQ1-AS1,0.1,0.0,0.0,MODIFIER,0.0,0.1
rs238763,HMGN2P19,0.0,7.732574583802873,2.167060238607452,,0.5019577038155757,0.5019577038155757
rs238763,LOC101927478,0.1,0.0,0.0,MODIFIER,0.0,0.1
rs238763,NUP133,0.1,0.0,0.0,MODIFIER,0.0,0.1
rs243018,MIR4432HG,0.1,0.0,0.0,MODIFIER,0.0,0.1
rs243019,LOC101927285-MIR4432HG,0.1,0.0,0.0,MODIFIER,0.0,0.1
rs243019,MIR4432HG,0.1,0.0,0.0,MODIFIER,0.0,0.1
rs2493394,NOTCH2,0.1,5.360916503873125,1.8501724713525585,MODIFIER,0.42855676498393286,0.42855676498393286
rs2493394,RP5-1042I8.7,0.0,3.190346571094567,1.432783444378495,,0.3318766479086687,0.3318766479086687
rs256904,C5orf67,0.1,0.0,0.0,MODIFIER,0.0,0.1
rs2583934,HMGA2,0.1,0.0,0.0,MODIFIER,0.0,0.1
rs261982,LOC101929710,0.1,0.0,0.0,MODIFIER,0.0,0.1
rs2706710,PITPNC1,0.1,0.0,0.0,MODIFIER,0.0,0.1
rs2780215,C6orf1-NUDT3,0.1,0.0,0.0,MODIFIER,0.0,0.1
rs2796441,LOC101927502,0.1,0.0,0.0,MODIFIER,0.0,0.1
rs2796441,TLE1,0.1,0.0,0.0,MODIFIER,0.0,0.1
rs2820426,LOC102723886,0.1,0.0,0.0,MODIFIER,0.0,0.1
rs2820426,RP11-392O17.1,0.0,4.562109107822898,1.7159773722721734,,0.39747305877326505,0.39747305877326505
rs28599782,DCK,0.0,1.4355471527067782,0.8901714346628722,,0.2061910423093375,0.2061910423093375
rs28599782,MOB1B,0.1,0.0,0.0,MODIFIER,0.0,0.1
rs28599782,RUFY3,0.0,2.7247348265952978,1.3149956618063778,,0.30459338008616393,0.30459338008616393
rs2867125,LOC105373352-TMEM18,0.1,0.0,0.0,MODIFIER,0.0,0.1
rs28691713,MIR6821,0.1,0.0,0.0,MODIFIER,0.0,0.1
rs28691713,PIM3,0.1,5.980850253254826,1.9431707221429304,MODIFIER,0.4500980159348512,0.4500980159348512
rs2877716,ADCY5,0.1,0.0,0.0,MODIFIER,0.0,0.1
rs2908279,MYL7,0.1,0.0,0.0,MODIFIER,0.0,0.1
rs2908279,POLD2-MYL7,0.1,0.0,0.0,MODIFIER,0.0,0.1
rs2908282,YKT6,0.1,0.0,0.0,MODIFIER,0.0,0.1
rs2925979,CMIP,0.1,0.0,0.0,MODIFIER,0.0,0.1
rs2943656,IRS1,0.0,3.629668736370057,1.532485318318228,,0.3549706638558479,0.3549706638558479
rs2943656,LOC646736-MIR5702,0.1,0.0,0.0,MODIFIER,0.0,0.1
rs2943656,RP11-395N3.2,0.0,1.5243838686833373,0.9259970205488143,,0.21448934823954593,0.21448934823954593
rs2980883,TRIB1-LINC00861,0.1,0.0,0.0,MODIFIER,0.0,0.1
rs3094508,HNF1B,0.1,0.0,0.0,MODIFIER,0.0,0.1
rs3135911,FGFR4,0.1,1.718688517630144,1.0001496013941478,MODIFIER,0.23166536326210982,0.23166536326210982
rs3217992,CDKN2B,0.1,0.0,0.0,MODIFIER,0.0,0.1
rs3217992,CDKN2B-AS1,0.1,0.0,0.0,MODIFIER,0.0,0.1
rs329122,JADE2,0.1,0.0,0.0,MODIFIER,0.0,0.1
rs340874,PROX1,0.1,0.0,0.0,MODIFIER,0.0,0.1
rs340874,PROX1-AS1,0.1,4.818484196625286,1.7610397805058113,MODIFIER,0.4079108964311108,0.4079108964311108
rs340874,RP11-478J18.2,0.0,10.907436784655644,2.4771631448109,,0.573787060457939,0.573787060457939
rs340875,PROX1,0.1,0.0,0.0,MODIFIER,0.0,0.1
rs340875,PROX1-AS1,0.1,4.5742037266040185,1.7181494778364093,MODIFIER,0.39797618512944305,0.39797618512944305
rs340875,RP11-478J18.2,0.0,6.916311341044371,2.0689253575687574,,0.47922665154817223,0.47922665154817223
rs343087,HMGA2,0.1,0.0,0.0,MODIFIER,0.0,0.1
rs343087,LOC100129940,0.1,0.0,0.0,MODIFIER,0.0,0.1
rs34642578,ASAH1,0.1,0.0,0.0,MODIFIER,0.0,0.1
rs34782298,IGF2BP2,0.1,0.0,0.0,MODIFIER,0.0,0.1
rs34811727,OASL-P2RX7,0.1,0.0,0.0,MODIFIER,0.0,0.1
rs348330,ABCB10,0.1,0.0,0.0,MODIFIER,0.0,0.1
rs348330,HMGN2P19,0.0,10.414896043780773,2.4349191729565645,,0.5640020592224966,0.5640020592224966
rs34872471,TCF7L2,0.0,1.3358873528699955,0.8483918415729413,,0.19651360545726038,0.19651360545726038
rs349359,KCNB2,0.1,0.0,0.0,MODIFIER,0.0,0.1
rs35198068,TCF7L2,0.0,1.3358873528699955,0.8483918415729413,,0.19651360545726038,0.19651360545726038
rs35261542,CDKAL1,0.1,0.0,0.0,MODIFIER,0.0,0.1
rs35503308,TACC3-FGFR3,0.1,0.0,0.0,MODIFIER,0.0,0.1
rs35589574,MIR129-1,0.1,0.0,0.0,MODIFIER,0.0,0.1
rs35589574,SND1-MIR129-1,0.1,0.0,0.0,MODIFIER,0.0,0.1
rs35859536,SLC30A8,0.1,0.0,0.0,MODIFIER,0.0,0.1
rs35859536,SLC30A8-MED30,0.1,0.0,0.0,MODIFIER,0.0,0.1
rs35906730,EIF2S2P3,0.0,8.94969089107999,2.2975414844648196,,0.5321811675637028,0.5321811675637028
rs35906730,KIF11-HHEX,0.1,0.0,0.0,MODIFIER,0.0,0.1
rs35917376,GOLGA6D-COMMD4,0.1,0.0,0.0,MODIFIER,0.0,0.1
rs35917376,MAN2C1,0.0,67.58277799987495,4.2280414536491175,,0.9793442479820329,0.9793442479820329
rs35917376,RP11-817O13.8,0.0,11.328045629970477,2.511876799338875,,0.5818278089371353,0.5818278089371353
rs35917376,SNUPN,0.0,3.364715908552171,1.4735531032221207,,0.34132015297322627,0.34132015297322627
rs36090025,TCF7L2,0.0,1.1995948132078338,0.7882731675872011,,0.18258827425847882,0.18258827425847882
rs3735567,JAZF1,0.4,0.0,0.0,LOW,0.0,0.4
rs3735567,JAZF1-AS1,0.1,0.0,0.0,MODIFIER,0.0,0.1
rs3735641,ARF5,0.1,0.0,0.0,MODIFIER,0.0,0.1
rs3735641,FSCN3,0.1,0.0,0.0,MODIFIER,0.0,0.1
rs3735641,GCC1,0.1,0.709226664720963,0.5360410253686894,MODIFIER,0.12416356382318094,0.12416356382318094
rs3751236,KLHL42,0.0,1.9941595296834083,1.096663567705332,,0.2540209618987343,0.2540209618987343
rs3751236,KLHL42-PTHLH,0.1,0.0,0.0,MODIFIER,0.0,0.1
rs3751236,RP11-993B23.3,0.0,30.68370342475758,3.4558024611478464,,0.8004699810987632,0.8004699810987632
rs3756784,ARG1,0.0,12.005771314358393,2.5653932062044467,,0.5942238523087605,0.5942238523087605
rs3756784,MED23,0.1,4.047194701320765,1.6188325842484173,MODIFIER,0.37497134245485286,0.37497134245485286
rs3756784,MED23-ENPP3,0.1,0.0,0.0,MODIFIER,0.0,0.1
rs376993806,GPSM1,0.1,0.0,0.0,MODIFIER,0.0,0.1
rs3802177,SLC30A8,0.1,0.0,0.0,MODIFIER,0.0,0.1
rs3852529,KCNQ1,0.1,0.0,0.0,MODIFIER,0.0,0.1
rs3869115,HCG27-HLA-C.7,0.1,0.0,0.0,MODIFIER,0.0,0.1
rs3887925,ST6GAL1,0.1,1.2422628677229768,0.8074855647543207,MODIFIER,0.18703845547402143,0.18703845547402143
rs391933,LINC00423-KL,0.1,0.0,0.0,MODIFIER,0.0,0.1
rs39233,AC002064.5,0.0,7.0920898151989595,2.090887018502301,,0.48431364668461646,0.48431364668461646
rs39233,CTB-16J4.1,0.0,3.414602095474893,1.4849177043941166,,0.3439525436227546,0.3439525436227546
rs39233,DPY19L2P4,0.1,0.0,0.0,MODIFIER,0.0,0.1
rs39233,STEAP1,0.0,3.1993877990740818,1.434938752539773,,0.33237588347045693,0.33237588347045693
rs39233,STEAP2,0.0,13.722515960169545,2.689378019902535,,0.622942542856969,0.622942542856969
rs39233,STEAP2-AS1,0.1,0.0,0.0,MODIFIER,0.0,0.1
rs3963364,PPARG,0.1,0.0,0.0,MODIFIER,0.0,0.1
rs4078098,CARD9,0.1,0.0,0.0,MODIFIER,0.0,0.1
rs4078098,SNAPC4,0.1,0.0,0.0,MODIFIER,0.0,0.1
rs410504,LOC101928978-NKX6-1,0.1,0.0,0.0,MODIFIER,0.0,0.1
rs4148646,ABCC8,0.1,1.2668997433791116,0.8184131461888916,MODIFIER,0.18956961893105562,0.18956961893105562
rs4148646,KCNJ11,0.1,0.0,0.0,MODIFIER,0.0,0.1
rs4148646,NCR3LG1,0.0,4.54125208400304,1.712220483166032,,0.39660284787851835,0.39660284787851835
rs4148646,NUCB2,0.0,0.6362494179019588,0.49240668249062364,,0.1140565099589792,0.1140565099589792
rs4148646,RP1-239B22.5,0.0,4.873264013636776,1.7704105293247765,,0.4100814496425078,0.4100814496425078
rs4237150,GLIS3,0.1,0.0,0.0,MODIFIER,0.0,0.1
rs4267006,TCF7L2,0.0,1.1070611733958673,0.745294167811064,,0.17263301798291578,0.17263301798291578
rs4273712,MIR588-RSPO3,0.1,0.0,0.0,MODIFIER,0.0,0.1
rs4286946,KCNU1-MIR1268A.3,0.1,0.0,0.0,MODIFIER,0.0,0.1
rs4286946,RP11-419C23.1,0.0,3.4544548567533164,1.4939046868255628,,0.34603420475295854,0.34603420475295854
rs4286946,ZNF703,0.0,5.159169165624529,1.817941892738578,,0.4210911731441245,0.4210911731441245
rs4403739,CYP26A1-MYOF,0.1,0.0,0.0,MODIFIER,0.0,0.1
rs4499362,EPC2-KIF5C,0.1,0.0,0.0,MODIFIER,0.0,0.1
rs4506565,TCF7L2,0.0,2.350522768566516,1.2091163839807537,,0.2800684876848555,0.2800684876848555
rs4544248,GP2,0.1,0.0,0.0,MODIFIER,0.0,0.1
rs459193,C5orf67,0.1,0.0,0.0,MODIFIER,0.0,0.1
rs459193,LOC102467147-C5orf67,0.1,0.0,0.0,MODIFIER,0.0,0.1
rs4622883,MBNL1,0.1,0.0,0.0,MODIFIER,0.0,0.1
rs4622883,MBNL1-P2RY1,0.1,0.0,0.0,MODIFIER,0.0,0.1
rs4686392,IGF2BP2,0.1,0.0,0.0,MODIFIER,0.0,0.1
rs4686471,LOC105374266-LPP-AS2,0.1,0.0,0.0,MODIFIER,0.0,0.1
rs4736999,ANK1,0.1,0.8611834190523578,0.6212125322082681,MODIFIER,0.14389190050808096,0.14389190050808096
rs4736999,NKX6-3,0.1,0.0,0.0,MODIFIER,0.0,0.1
rs4736999,NKX6-3-ANK1,0.1,0.0,0.0,MODIFIER,0.0,0.1
rs4739515,LINC01605.2-ZNF703,0.1,0.0,0.0,MODIFIER,0.0,0.1
rs475002,CTXN1,0.1,0.0,0.0,MODIFIER,0.0,0.1
rs475002,SNAPC2,0.8,0.0,0.0,MODERATE,0.0,0.8
rs475002,TGFBR3L,0.1,0.0,0.0,MODIFIER,0.0,0.1
rs475002,TIMM44,0.1,0.0,0.0,MODIFIER,0.0,0.1
rs476828,PMAIP1-MC4R,0.1,0.0,0.0,MODIFIER,0.0,0.1
rs4812829,HNF4A,0.1,0.0,0.0,MODIFIER,0.0,0.1
rs4823182,SAMM50,0.1,3.0306435146952437,1.3939260442767445,MODIFIER,0.3228760806960787,0.3228760806960787
rs4865796,ARL15,0.1,0.0,0.0,MODIFIER,0.0,0.1
rs4929965,MIR4686,0.1,0.0,0.0,MODIFIER,0.0,0.1
rs4929965,MIR4686-ASCL2,0.1,0.0,0.0,MODIFIER,0.0,0.1
rs4929965,TH,0.1,2.5853484781084504,1.2768556738208245,MODIFIER,0.29575898755211777,0.29575898755211777
rs4930974,SINHCAF,0.1,0.0,0.0,MODIFIER,0.0,0.1
rs4973727,SATB1-AS1,0.1,0.0,0.0,MODIFIER,0.0,0.1
rs516946,ANK1,0.1,2.172863628754939,1.1546345330310395,MODIFIER,0.2674488178136042,0.2674488178136042
rs516946,MIR486-1,0.1,0.0,0.0,MODIFIER,0.0,0.1
rs516946,MIR486-2,0.1,0.0,0.0,MODIFIER,0.0,0.1
rs5215,ABCC8,0.0,1.282691218074247,0.8253551056950822,,0.19117758994710235,0.19117758994710235
rs5215,KCNJ11,0.8,0.0,0.0,MODERATE,0.0,0.8
rs5215,NCR3LG1,0.0,5.282726315618089,1.8378040129651578,,0.4256918501738731,0.4256918501738731
rs5215,NUCB2,0.0,0.7795345875657994,0.5763518624557024,,0.13350079167803897,0.13350079167803897
rs5215,RP1-239B22.5,0.0,5.462929078876124,1.8660826328144113,,0.4322420469952251,0.4322420469952251
rs532504,LOC101928778-SEC16B,0.1,0.0,0.0,MODIFIER,0.0,0.1
rs55700915,RCOR1-TRAF3,0.1,0.0,0.0,MODIFIER,0.0,0.1
rs55734389,RREB1,0.1,0.0,0.0,MODIFIER,0.0,0.1
rs55783344,C12orf43,0.0,2.1172519194386905,1.1369518186418035,,0.263352958107484,0.263352958107484
rs55783344,HNF1A,0.1,0.0,0.0,MODIFIER,0.0,0.1
rs55966194,EYA2,0.1,0.0,0.0,MODIFIER,0.0,0.1
rs56087297,TCF7L2,0.0,1.1015195987357431,0.7426607014893746,,0.1720230263064683,0.1720230263064683
rs576674,LINC00423-KL,0.1,0.0,0.0,MODIFIER,0.0,0.1
rs58524310,LRRC74A-LINC01629,0.1,0.0,0.0,MODIFIER,0.0,0.1
rs58718028,MIR548AC,0.1,0.0,0.0,MODIFIER,0.0,0.1
rs58718028,UBE2E2,0.1,0.0,0.0,MODIFIER,0.0,0.1
rs6012878,CEBPB-LINC01272,0.1,0.0,0.0,MODIFIER,0.0,0.1
rs6012878,LINC01270,0.0,0.9617005945444812,0.6738117473293058,,0.15607549410381036,0.15607549410381036
rs6012878,PELATON,0.0,0.6224397014367244,0.4839310049219812,,0.11209328273767648,0.11209328273767648
rs60461843,SLC30A8,0.1,0.0,0.0,MODIFIER,0.0,0.1
rs60573766,CAMK2N1,0.0,1.1512909609249296,0.7660681088852627,,0.17744490072388916,0.17744490072388916
rs60573766,LINC01141,0.1,0.0,0.0,MODIFIER,0.0,0.1
rs6059662,EIF2S2,0.1,0.0,0.0,MODIFIER,0.0,0.1
rs6059662,MAP1LC3A,0.0,1.4027016516881137,0.8765937924453948,,0.2030460433890057,0.2030460433890057
rs6059662,RALY,0.1,0.0,0.0,MODIFIER,0.0,0.1
rs6059662,RALY-EIF2S2,0.1,0.0,0.0,MODIFIER,0.0,0.1
rs6059662,RP5-1125A11.6,0.0,5.619154345272933,1.8899676193832595,,0.4377745434160303,0.4377745434160303
rs6059662,RP5-1125A11.7,0.0,11.62890876174461,2.5359885321343816,,0.5874128267476344,0.5874128267476344
rs6103716,HNF4A,0.1,0.0,0.0,MODIFIER,0.0,0.1
rs61779313,BMP8A,0.0,2.2133324813942874,1.1673085548280504,,0.27038451049348294,0.27038451049348294
rs61779313,MACF1,0.1,0.0,0.0,MODIFIER,0.0,0.1
rs61779313,OXCT2P1,0.0,19.394572264730858,3.0152687999941086,,0.6984288559529775,0.6984288559529775
rs61779313,PABPC4,0.0,4.28657386220352,1.6651703729463372,,0.3857045973964164,0.3857045973964164
rs61779313,PABPC4-AS1,0.0,3.942356841204292,1.5978423107881716,,0.3701093504894904,0.3701093504894904
rs61779313,RP11-69E11.4,0.0,3.1625385623319224,1.4261251194875348,,0.3303343753802077,0.3303343753802077
rs61872784,TCF7L2,0.0,1.267803833684428,0.8188118890402957,,0.18966198002122645,0.18966198002122645
rs61953351,C12orf43,0.1,0.0,0.0,MODIFIER,0.0,0.1
rs61953351,C12orf43-OASL,0.1,0.0,0.0,MODIFIER,0.0,0.1
rs61953351,OASL,0.1,0.0,0.0,MODIFIER,0.0,0.1
rs61975988,CLEC14A-LINC00639,0.1,0.0,0.0,MODIFIER,0.0,0.1
rs62112368,ZNF257,0.0,6.670144774740991,2.0373354906561745,,0.47190946821529484,0.47190946821529484
rs62112368,ZNF257-ZNF676,0.1,0.0,0.0,MODIFIER,0.0,0.1
rs62173901,COBLL1,0.0,1.102926524298351,0.7433299575930092,,0.17217804657358413,0.17217804657358413
rs62173901,GRB14-COBLL1,0.1,0.0,0.0,MODIFIER,0.0,0.1
rs62173901,SLC38A11,0.0,3.2552424135610285,1.4481517318622266,,0.33543641526514456,0.33543641526514456
rs622217,SLC22A2-SLC22A3,0.1,0.0,0.0,MODIFIER,0.0,0.1
rs622217,SLC22A3,0.1,4.5633412771600685,1.7161988768943812,MODIFIER,0.39752436604639346,0.39752436604639346
rs62286764,CRIPAK,0.0,6.892962434388702,2.0659715313571163,,0.4785424546826442,0.4785424546826442
rs62286764,MAEA,0.0,1.2062876358127403,0.7913113002792929,,0.18329199909401425,0.18329199909401425
rs62286764,NKX1-1-FAM53A,0.1,0.0,0.0,MODIFIER,0.0,0.1
rs62405419,TFAP2B,0.1,0.0,0.0,MODIFIER,0.0,0.1
rs62485379,BRAF-MRPS33,0.1,0.0,0.0,MODIFIER,0.0,0.1
rs62485379,MRPS33,0.0,1.6250806035228784,0.965111601676118,,0.2235494864759367,0.2235494864759367
rs633862,ABO,0.1,13.223780727101046,2.6549152629539803,MODIFIER,0.6149599099624783,0.6149599099624783
rs633862,ABO-SURF6,0.1,0.0,0.0,MODIFIER,0.0,0.1
rs6416749,ZFHX3-HCCAT5,0.1,0.0,0.0,MODIFIER,0.0,0.1
rs6494307,C2CD4A-C2CD4B,0.1,0.0,0.0,MODIFIER,0.0,0.1
rs6515236,LOC284788-LINC00261,0.1,0.0,0.0,MODIFIER,0.0,0.1
rs67232546,ETS1,0.1,0.0,0.0,MODIFIER,0.0,0.1
rs67232546,LOC101929517,0.1,0.0,0.0,MODIFIER,0.0,0.1
rs6731688,LOC105373352-TMEM18,0.1,0.0,0.0,MODIFIER,0.0,0.1
rs6767484,IGF2BP2,0.1,0.0,0.0,MODIFIER,0.0,0.1
rs6785040,ATXN7,0.1,0.0,0.0,MODIFIER,0.0,0.1
rs6785040,PSMD6-AS1,0.0,2.6400810138617894,1.2920059379564124,,0.2992682540054518,0.2992682540054518
rs6785040,SCAANT1,0.0,4.869189158505498,1.769716491165099,,0.40992068909013113,0.40992068909013113
rs6795735,ADAMTS9,0.0,1.8619682484878919,1.0515095869035682,,0.24356191322182688,0.24356191322182688
rs6795735,ADAMTS9-AS2,0.1,0.0,0.0,MODIFIER,0.0,0.1
rs6878122,ZBED3-AS1,0.1,0.0,0.0,MODIFIER,0.0,0.1
rs6885132,ANKH,0.1,0.0,0.0,MODIFIER,0.0,0.1
rs6960043,DGKB-AGMO,0.1,0.0,0.0,MODIFIER,0.0,0.1
rs703980,ZMIZ1,0.1,0.0,0.0,MODIFIER,0.0,0.1
rs7074440,TCF7L2,0.0,1.227734297841136,0.8009850590473538,,0.18553273871535583,0.18553273871535583
rs7084330,CAMK1D,0.1,0.0,0.0,MODIFIER,0.0,0.1
rs7090695,SHOC2-ADRA2A,0.1,0.0,0.0,MODIFIER,0.0,0.1
rs7100710,CAMK1D,0.0,7.074953823580065,2.0887671506502725,,0.4838226201868573,0.4838226201868573
rs7100710,CDC123,0.1,0.0,0.0,MODIFIER,0.0,0.1
rs7107784,MIR4686-ASCL2,0.1,0.0,0.0,MODIFIER,0.0,0.1
rs7109575,ARAP1,0.1,0.0,0.0,MODIFIER,0.0,0.1
rs7109575,ARAP1-STARD10,0.1,0.0,0.0,MODIFIER,0.0,0.1
rs7109575,STARD10,0.1,0.0,0.0,MODIFIER,0.0,0.1
rs7144011,NRXN3,0.1,0.0,0.0,MODIFIER,0.0,0.1
rs7177055,HMG20A,0.0,2.2184035070064905,1.168885431326751,,0.2707497635180122,0.2707497635180122
rs7177055,LOC101929457,0.0,3.6088101866897837,1.5279697297030312,,0.3539247148543949,0.3539247148543949
rs7177055,LOC101929457-LINGO1,0.1,0.0,0.0,MODIFIER,0.0,0.1
rs7177055,LOC105370906,0.0,3.310909544480769,1.4611489130537392,,0.33844696158533316,0.33844696158533316
rs7177055,TSPAN3,0.0,1.1158451229553008,0.7494543180069425,,0.17359663653059076,0.17359663653059076
rs7210161,SLC16A11-CLEC10A,0.1,0.0,0.0,MODIFIER,0.0,0.1
rs7240767,LAMA1,0.1,0.0,0.0,MODIFIER,0.0,0.1
rs7250869,PEPD,0.1,2.088087699203192,1.127552031760291,MODIFIER,0.2611756787890135,0.2611756787890135
rs72802358,BCAR1,0.0,1.0321526303824944,0.7090956402725788,,0.1642483273125729,0.1642483273125729
rs72802358,CTRB2,0.1,0.0,0.0,MODIFIER,0.0,0.1
rs72802358,CTRB2-CTRB1,0.1,0.0,0.0,MODIFIER,0.0,0.1
rs72874858,GRB14,0.1,0.0,0.0,MODIFIER,0.0,0.1
rs72892910,TFAP2B,0.1,0.0,0.0,MODIFIER,0.0,0.1
rs72892910,TFAP2B-PKHD1,0.1,0.0,0.0,MODIFIER,0.0,0.1
rs7304270,CCND2,0.1,0.0,0.0,MODIFIER,0.0,0.1
rs7304270,CCND2-AS1,0.1,0.0,0.0,MODIFIER,0.0,0.1
rs73085586,LOC284788-LINC00261,0.1,0.0,0.0,MODIFIER,0.0,0.1
rs7313668,CTD-2021H9.3,0.0,9.723574159554023,2.3724445104799163,,0.549531008734494,0.549531008734494
rs7313668,PTPRR-TSPAN8,0.1,0.0,0.0,MODIFIER,0.0,0.1
rs7313668,TSPAN8,0.0,5.871970259105946,1.9274508568358524,,0.44645681235718715,0.44645681235718715
rs73347525,DLK1-MIR2392,0.1,0.0,0.0,MODIFIER,0.0,0.1
rs735949,ACSL1,0.1,0.0,0.0,MODIFIER,0.0,0.1
rs735949,CASP3,0.0,0.5938489559040759,0.4661518179761243,,0.10797507702467563,0.10797507702467563
rs735949,CENPU,0.0,1.574491612442609,0.9456520825623017,,0.21904206422818076,0.21904206422818076
rs735949,PRIMPOL,0.0,1.4839550470283627,0.9098520668979636,,0.21074968114658246,0.21074968114658246
rs735949,SLED1,0.1,0.0,0.0,MODIFIER,0.0,0.1
rs73856630,ADCY5-HACD2,0.1,0.0,0.0,MODIFIER,0.0,0.1
rs742762,GLP1R,0.1,0.0,0.0,MODIFIER,0.0,0.1
rs7501939,HNF1B,0.1,0.0,0.0,MODIFIER,0.0,0.1
rs7507912,EML2-AS1,0.0,1.1998272159722954,0.7883788190855735,,0.18261274639016342,0.18261274639016342
rs7507912,EML2-GIPR,0.1,0.0,0.0,MODIFIER,0.0,0.1
rs753270,ZMIZ1,0.1,0.0,0.0,MODIFIER,0.0,0.1
rs7561798,SPHKAP,0.4,0.0,0.0,LOW,0.0,0.4
rs7572970,ITGB6,0.0,50.77830273444938,3.946971195386195,,0.9142397442239054,0.9142397442239054
rs7572970,RBMS1,0.1,0.0,0.0,MODIFIER,0.0,0.1
rs75990271,POLR2J2-FAM185A,0.1,0.0,0.0,MODIFIER,0.0,0.1
rs75990271,POLR2J3,0.0,9.16185753412254,2.3186412536009717,,0.5370685220903252,0.5370685220903252
rs75990271,RASA4B,0.0,3.791172524210797,1.566775167315422,,0.36291324595863,0.36291324595863
rs75990271,RASA4DP,0.0,7.742790273887072,2.1682293920221083,,0.5022285156522629,0.5022285156522629
rs75990271,RP11-514P8.10,0.0,6.592491664345831,2.0271598200571286,,0.46955247039969056,0.46955247039969056
rs75990271,UPK3BL1,0.0,2.5805075206684887,1.27550455591468,,0.29544602715089324,0.29544602715089324
rs7607777,AC010883.5,0.0,1.950271607516381,1.0818972364580504,,0.2506006260932891,0.2506006260932891
rs7607777,PLEKHH2,0.0,1.8737702212189298,1.0556248335973113,,0.2445151307393765,0.2445151307393765
rs7607777,THADA,0.1,0.0,0.0,MODIFIER,0.0,0.1
rs76203868,UPF2-DHTKD1,0.1,0.0,0.0,MODIFIER,0.0,0.1
rs7656416,CTBP1-AS2-MAEA,0.1,0.0,0.0,MODIFIER,0.0,0.1
rs76704029,HERC2,0.1,0.0,0.0,MODIFIER,0.0,0.1
rs7674212,BDH2,0.0,10.480621375901078,2.4406605162472683,,0.5653319306509302,0.5653319306509302
rs7674212,CISD2,0.0,1.2226097984809896,0.7986820903266802,,0.18499930043321042,0.18499930043321042
rs7674212,KRT8P46,0.0,4.8812243207101735,1.771764958044069,,0.4103951769297358,0.4103951769297358
rs7674212,LRRC37A15P,0.0,9.724497463074158,2.3725306071264542,,0.549550951361945,0.549550951361945
rs7674212,RP11-10L12.1,0.0,2.5413082286651067,1.2644962149967258,,0.29289615731730423,0.29289615731730423
rs7674212,SLC9B2,0.1,0.0,0.0,MODIFIER,0.0,0.1
rs7674212,UBE2D3,0.0,1.2003206016412657,0.7886030777657311,,0.18266469158769286,0.18266469158769286
rs7685296,DEAR,0.1,0.0,0.0,MODIFIER,0.0,0.1
rs7685296,FBXW7,0.1,0.6853586576515074,0.5219783943599379,MODIFIER,0.12090622660430667,0.12090622660430667
rs76878791,C5orf67,0.1,0.0,0.0,MODIFIER,0.0,0.1
rs7729395,PAM,0.1,3.658443249167357,1.5386813256225593,MODIFIER,0.3564058494330173,0.3564058494330173
rs7729395,PPIP5K2,0.0,1.0480351198066669,0.7168808553733292,,0.1660516222215295,0.1660516222215295
rs7756992,CDKAL1,0.1,0.0,0.0,MODIFIER,0.0,0.1
rs7766070,CDKAL1,0.1,0.0,0.0,MODIFIER,0.0,0.1
rs77789961,DLK1-MIR2392,0.1,0.0,0.0,MODIFIER,0.0,0.1
rs7786095,RP5-1142J19.1,0.0,2.7016520656141783,1.3087792242168803,,0.3031534622275159,0.3031534622275159
rs7786095,UBE3C,0.1,0.0,0.0,MODIFIER,0.0,0.1
rs7787720,ARL4A-ETV1,0.1,0.0,0.0,MODIFIER,0.0,0.1
rs780094,GCKR,0.1,0.0,0.0,MODIFIER,0.0,0.1
rs780094,GPN1,0.0,1.1379633091962178,0.7598536511816111,,0.17600544146760727,0.17600544146760727
rs780094,KRTCAP3,0.0,1.2649045866757245,0.8175326329597306,,0.1893656650257535,0.1893656650257535
rs780094,NRBP1,0.0,1.505185036268916,0.9183625985828308,,0.21272098165160708,0.21272098165160708
rs780094,PPM1G,0.0,0.6760514964156525,0.5164407273728596,,0.11962353286289258,0.11962353286289258
rs780094,SNX17,0.0,8.788359192866254,2.2811938421758193,,0.5283945515573761,0.5283945515573761
rs7825337,ANK1,0.1,1.0088001167017373,0.697537586956486,MODIFIER,0.1615711272053659,0.1615711272053659
rs7825337,NKX6-3,0.1,1.724395398583307,1.002246531418436,MODIFIER,0.2321510766545211,0.2321510766545211
rs7825337,NKX6-3-ANK1,0.1,0.0,0.0,MODIFIER,0.0,0.1
rs7845219,CCNE2-TP53INP1,0.1,0.0,0.0,MODIFIER,0.0,0.1
rs7845219,NDUFAF6,0.0,2.3977799338015706,1.223122257703872,,0.28331267817330497,0.28331267817330497
rs7845219,TP53INP1,0.1,1.3123618742593894,0.838269458570539,MODIFIER,0.19416895068555326,0.19416895068555326
rs7895832,IDE,0.1,0.0,0.0,MODIFIER,0.0,0.1
rs7895832,MARK2P9,0.0,3.7765740021007623,1.5637235535631637,,0.36220639849554337,0.36220639849554337
rs7900112,LRMDA,0.1,1.7992933978875896,1.0293670274362565,MODIFIER,0.23843301642938983,0.23843301642938983
rs7900112,MIR606,0.1,0.0,0.0,MODIFIER,0.0,0.1
rs7901695,TCF7L2,0.1,2.212783407988173,1.1671376667155724,MODIFIER,0.2703449275584908,0.2703449275584908
rs7903146,TCF7L2,0.1,1.4781544029689277,0.907514090777064,MODIFIER,0.21020813407543296,0.21020813407543296
rs7929543,FOLH1-LOC440040,0.1,0.0,0.0,MODIFIER,0.0,0.1
rs7955901,CTD-2021H9.3,0.0,5.626851354432609,1.8911297825591609,,0.4380437360987447,0.4380437360987447
rs7955901,PTPRR-TSPAN8,0.1,0.0,0.0,MODIFIER,0.0,0.1
rs7955901,TSPAN8,0.0,4.672583437306719,1.7356446466525706,,0.40202860352112996,0.40202860352112996
rs80196932,LOC101927919,0.1,0.0,0.0,MODIFIER,0.0,0.1
rs80196932,NUS1,0.1,26.941672076127684,3.33011919728253,MODIFIER,0.7713578773307473,0.7713578773307473
rs8026714,PRC1,0.1,0.0,0.0,MODIFIER,0.0,0.1
rs8026714,PRC1-AS1,0.1,5.800027529806152,1.9169266606747706,MODIFIER,0.44401908531785206,0.44401908531785206
rs8026714,RCCD1,0.0,39.83301524761399,3.7094909514319796,,0.8592320264719423,0.8592320264719423
rs8026714,VPS33B,0.0,2.525580776617132,1.2600451820169143,,0.2918651613835736,0.2918651613835736
rs8037894,C2CD4A-C2CD4B,0.1,0.0,0.0,MODIFIER,0.0,0.1
rs8043085,RASGRP1,0.1,0.0,0.0,MODIFIER,0.0,0.1
rs8068804,CYB5D2,0.0,1.2440290105802554,0.8082729156429507,,0.18722083012014934,0.18722083012014934
rs8068804,ZZEF1,0.1,2.0088083395775076,1.1015440998989132,MODIFIER,0.2551514430407178,0.2551514430407178
rs8108269,EML2-GIPR,0.1,0.0,0.0,MODIFIER,0.0,0.1
rs8108269,GIPR,0.0,0.531723066548156,0.42639328901753043,,0.09876578069428602,0.09876578069428602
rs825476,CCDC92,0.0,2.8301125629651755,1.3428941925688225,,0.31105553660210083,0.31105553660210083
rs825476,ZNF664,0.0,0.7112386126710957,0.5372174432060337,,0.12443605832326024,0.12443605832326024
rs825476,ZNF664-FAM101A,0.1,0.0,0.0,MODIFIER,0.0,0.1
rs838720,DGKD,0.1,0.0,0.0,MODIFIER,0.0,0.1
rs840967,SPRED2-MIR4778,0.1,0.0,0.0,MODIFIER,0.0,0.1
rs849135,JAZF1,0.4,9.337580512062976,2.3357858486689826,LOW,0.5410397368354753,0.5410397368354753
rs849135,JAZF1-AS1,0.0,2.509628492684268,1.2555101893359628,,0.29081471780457385,0.29081471780457385
rs849333,JAZF1,0.4,0.0,0.0,LOW,0.0,0.4
rs849333,JAZF1-AS1,0.1,0.0,0.0,MODIFIER,0.0,0.1
rs853974,MIR588-RSPO3,0.1,0.0,0.0,MODIFIER,0.0,0.1
rs896852,NDUFAF6,0.0,2.9979708743312026,1.385786950991943,,0.32099081673174834,0.32099081673174834
rs896852,TP53INP1,0.1,1.5282860856632123,0.9275416366788888,MODIFIER,0.21484712877195372,0.21484712877195372
rs9307893,FBXW7,0.1,0.4242986495550267,0.3536795168115148,MODIFIER,0.08192303793981844,0.1
rs9316706,BASP1P1,0.0,4.162899231997332,1.641498288371647,,0.3802214156158881,0.3802214156158881
rs9316706,LINC00424-LINC00540,0.1,0.0,0.0,MODIFIER,0.0,0.1
rs9350271,CDKAL1,0.1,0.0,0.0,MODIFIER,0.0,0.1
rs9368194,E2F3-CDKAL1,0.1,0.0,0.0,MODIFIER,0.0,0.1
rs9369425,VEGFA-LINC01512,0.1,0.0,0.0,MODIFIER,0.0,0.1
rs9379084,RREB1,0.8,0.0,0.0,MODERATE,0.0,0.8
rs9390022,LOC153910-HIVEP2,0.1,0.0,0.0,MODIFIER,0.0,0.1
rs9461650,POU5F1,0.1,0.0,0.0,MODIFIER,0.0,0.1
rs9461650,PSORS1C3,0.1,0.0,0.0,MODIFIER,0.0,0.1
rs9461650,XXbac-BPG299F13.17,0.0,4.049956248719194,1.6193795796297774,,0.37509804338394276,0.37509804338394276
rs9523295,LINC00379-MIR17HG,0.1,0.0,0.0,MODIFIER,0.0,0.1
rs952471,HMG20A,0.1,2.327416519544582,1.202196182931723,MODIFIER,0.27846555659571054,0.27846555659571054
rs952471,LOC101929457,0.0,3.091615118772668,1.4089397866698168,,0.32635372452112893,0.32635372452112893
rs952471,LOC105370906,0.0,2.688317695176632,1.3051704449280292,,0.302317558115052,0.302317558115052
rs952471,TSPAN3,0.0,1.273725188285833,0.8214195385469322,,0.19026599173044786,0.19026599173044786
rs963740,DLEU1,0.1,0.0,0.0,MODIFIER,0.0,0.1
rs963740,DLEU1-AS1,0.1,0.0,0.0,MODIFIER,0.0,0.1
rs9788635,RORA-VPS13C,0.1,0.0,0.0,MODIFIER,0.0,0.1
rs9788635,VPS13C,0.0,1.2300856929835484,0.8020400120805985,,0.1857770982365019,0.1857770982365019
rs9844972,LINC01214-TSC22D2,0.1,0.0,0.0,MODIFIER,0.0,0.1
rs9866168,TFRC-LINC00885,0.1,0.0,0.0,MODIFIER,0.0,0.1
rs9870576,ATXN7,0.1,0.0,0.0,MODIFIER,0.0,0.1
rs9870576,SCAANT1,0.0,3.5980610603134013,1.5256347060077953,,0.353383851655701,0.353383851655701
rs988748,BDNF,0.1,0.0,0.0,MODIFIER,0.0,0.1
rs9894220,ATP5MC1,0.0,4.743828980284474,1.748126057675325,,0.40491968163042436,0.40491968163042436
rs9894220,HOXB2,0.0,1.3794023840031668,0.866849356994378,,0.200788932877341,0.200788932877341
rs9894220,SNF8,0.0,1.022491419361235,0.7043301273512677,,0.16314448816640229,0.16314448816640229
rs9894220,SUMO2P17,0.1,6.478123097962313,2.011981837767699,MODIFIER,0.4660367835706749,0.4660367835706749
rs9894220,TTLL6,0.0,2.0259553423628605,1.1072268572806814,,0.256467744173411,0.256467744173411
rs9894220,UBE2Z,0.1,10.925821268850411,2.478705903908285,MODIFIER,0.5741444108445446,0.5741444108445446
rs9928094,FTO,0.1,1.333163832529894,0.8472252145470844,MODIFIER,0.19624337880980702,0.19624337880980702
rs993380,SCD5,0.4,0.0,0.0,LOW,0.0,0.4
rs9940149,ARHGDIG,0.0,2.53947273209472,1.2639777703162105,,0.29277606960735014,0.29277606960735014
rs9940149,FAM234A,0.1,3.2354907404492192,1.4434991987105281,MODIFIER,0.33435874570333624,0.33435874570333624
rs9940149,GNG13,0.0,1.7862493186058361,1.0246963611619084,,0.23735114667948978,0.23735114667948978
rs9940149,RGS11,0.0,4.644657229356942,1.7307094746520797,,0.4008854661218239,0.4008854661218239
rs9948462,LAMA1,0.1,0.0,0.0,MODIFIER,0.0,0.1
