source,target
CHEMBL3219124,HP:0005978
CHEMBL1168,HP:0005978
CHEMBL1201646,HP:0001513
CHEMBL573,HP:0001513
CHEMBL573,HP:0005978
CHEMBL4298005,HP:0005978
CHEMBL1201540,HP:0003074
CHEMBL1201540,HP:0005978
CHEMBL297453,HP:0005978
CHEMBL501,HP:0001513
CHEMBL750,HP:0001513
CHEMBL1574,HP:0001513
CHEMBL817,HP:0005978
CHEMBL1671,HP:0005978
CHEMBL1201627,HP:0003074
CHEMBL1201627,HP:0005978
CHEMBL843,HP:0005978
CHEMBL1201718,HP:0005978
CHEMBL1055,HP:0005978
CHEMBL2106191,HP:0005978
CHEMBL1389,HP:0005978
CHEMBL465,HP:0005978
CHEMBL1201174,HP:0005978
CHEMBL1200503,HP:0005978
CHEMBL121,HP:0005978
CHEMBL1551,HP:0001513
CHEMBL4297971,HP:0001513
CHEMBL1551,HP:0005978
CHEMBL1200694,HP:0001513
CHEMBL1082607,HP:0001513
CHEMBL193240,HP:0001513
CHEMBL193240,HP:0005978
CHEMBL1401,HP:0005978
CHEMBL4594563,HP:0001513
CHEMBL4297302,HP:0005978
CHEMBL4297469,HP:0005978
CHEMBL2105635,HP:0001513
CHEMBL1194666,HP:0001513
CHEMBL1480,HP:0005978
CHEMBL1200574,HP:0001513
CHEMBL1200574,HP:0005978
CHEMBL4650218,HP:0001513
CHEMBL4650218,HP:0005978
CHEMBL406,HP:0005978
CHEMBL2107857,HP:0001513
CHEMBL838,HP:0005978
CHEMBL1715,HP:0005978
CHEMBL782,HP:0005978
CHEMBL4297839,HP:0001513
CHEMBL1201611,HP:0005978
CHEMBL4297839,HP:0005978
CHEMBL1234886,HP:0005978
CHEMBL1201497,HP:0003074
CHEMBL1201497,HP:0005978
CHEMBL8085,HP:0005978
CHEMBL3707395,HP:0005978
CHEMBL393220,HP:0005978
CHEMBL1509,HP:0001513
CHEMBL964,HP:0001513
CHEMBL1200420,HP:0005978
CHEMBL54976,HP:0001513
CHEMBL1693,HP:0001513
CHEMBL2107869,HP:0005978
CHEMBL4297399,HP:0005978
CHEMBL3786673,HP:0005978
CHEMBL4297436,HP:0005978
CHEMBL2107841,HP:0005978
CHEMBL51085,HP:0005978
CHEMBL386630,HP:0001513
CHEMBL155625,HP:0001513
CHEMBL35,HP:0005978
CHEMBL41286,HP:0005978
CHEMBL4297404,HP:0005978
CHEMBL25,HP:0005978
CHEMBL4650349,HP:0005978
CHEMBL435,HP:0005978
CHEMBL1073,HP:0005978
CHEMBL1201485,HP:0001513
CHEMBL1513,HP:0005978
CHEMBL1201485,HP:0005978
CHEMBL350221,HP:0001513
CHEMBL2108130,HP:0001513
CHEMBL146624,HP:0005978
CHEMBL196,HP:0005978
CHEMBL3185958,HP:0001513
CHEMBL4297578,HP:0005978
CHEMBL262777,HP:0001513
CHEMBL1503,HP:0005978
CHEMBL3990012,HP:0005978
CHEMBL502,HP:0005978
CHEMBL175247,HP:0001513
CHEMBL1698,HP:0001513
CHEMBL374478,HP:0005978
CHEMBL276832,HP:0005978
CHEMBL1481,HP:0005978
CHEMBL4297276,HP:0001513
CHEMBL1467,HP:0001513
CHEMBL1467,HP:0005978
CHEMBL1042,HP:0001513
CHEMBL1042,HP:0005978
CHEMBL267476,HP:0001513
CHEMBL267476,HP:0005978
CHEMBL1751,HP:0005978
CHEMBL1751,HP:0001513
CHEMBL223228,HP:0005978
CHEMBL985,HP:0005978
CHEMBL4297284,HP:0005978
CHEMBL930,HP:0005978
CHEMBL426559,HP:0005978
CHEMBL1201613,HP:0005978
CHEMBL3989830,HP:0001513
CHEMBL2108466,HP:0005978
CHEMBL741,HP:0001513
CHEMBL1200480,HP:0001513
CHEMBL1201834,HP:0005978
CHEMBL1236924,HP:0005978
CHEMBL4297400,HP:0005978
CHEMBL1201538,HP:0003074
CHEMBL1201538,HP:0005978
CHEMBL4650299,HP:0005978
CHEMBL4650299,HP:0001513
CHEMBL5314342,HP:0005978
CHEMBL1201631,HP:0003074
CHEMBL1201631,HP:0001513
CHEMBL1201631,HP:0005978
CHEMBL2108305,HP:0005978
CHEMBL2104984,HP:0005978
CHEMBL113,HP:0001513
CHEMBL113,HP:0005978
CHEMBL472,HP:0005978
CHEMBL4297576,HP:0001513
CHEMBL981,HP:0005978
CHEMBL4297576,HP:0005978
CHEMBL1404,HP:0005978
CHEMBL2165615,HP:0005978
CHEMBL1240772,HP:0001513
CHEMBL1240772,HP:0005978
CHEMBL2165620,HP:0005978
CHEMBL79,HP:0001513
CHEMBL1744447,HP:0005978
CHEMBL781,HP:0001513
CHEMBL526,HP:0001513
CHEMBL1072,HP:0005978
CHEMBL585,HP:0005978
CHEMBL3989690,HP:0001513
CHEMBL3989690,HP:0005978
CHEMBL2108299,HP:0005978
CHEMBL545,HP:0001513
CHEMBL4297949,HP:0001513
CHEMBL545,HP:0005978
CHEMBL4297949,HP:0005978
CHEMBL2104391,HP:0005978
CHEMBL1421,HP:0001513
CHEMBL118,HP:0001513
CHEMBL519504,HP:0005978
CHEMBL1201545,HP:0005978
CHEMBL220492,HP:0001513
CHEMBL220492,HP:0005978
CHEMBL1017,HP:0005978
CHEMBL1535,HP:0005978
CHEMBL471498,HP:0005978
CHEMBL1536,HP:0001513
CHEMBL33864,HP:0005978
CHEMBL1536,HP:0005978
CHEMBL1431,HP:0001513
CHEMBL1201178,HP:0001513
CHEMBL1431,HP:0005978
CHEMBL1272,HP:0005978
CHEMBL2108027,HP:0005978
CHEMBL165,HP:0005978
CHEMBL3545020,HP:0005978
CHEMBL1622,HP:0005978
CHEMBL1215331,HP:0005978
CHEMBL2103758,HP:0001513
CHEMBL2103758,HP:0005978
CHEMBL777,HP:0001513
CHEMBL659,HP:0001513
CHEMBL1200622,HP:0005978
CHEMBL5095165,HP:0001513
CHEMBL1201753,HP:0005978
CHEMBL2103991,HP:0005978
CHEMBL181954,HP:0005978
CHEMBL2103824,HP:0005978
CHEMBL772,HP:0005978
CHEMBL4084119,HP:0003074
CHEMBL4084119,HP:0005978
CHEMBL4084119,HP:0001513
CHEMBL295124,HP:0005978
CHEMBL1364,HP:0005978
CHEMBL427216,HP:0005978
CHEMBL563,HP:0005978
CHEMBL1464,HP:0001513
CHEMBL1464,HP:0005978
CHEMBL1938870,HP:0005978
CHEMBL2108964,HP:0005978
CHEMBL1330729,HP:0005978
CHEMBL4297508,HP:0005978
CHEMBL3301624,HP:0001513
CHEMBL4297909,HP:0005978
CHEMBL1201539,HP:0005978
CHEMBL295698,HP:0005978
CHEMBL1201539,HP:0001513
CHEMBL1201539,HP:0003074
CHEMBL1771,HP:0005978
CHEMBL1703,HP:0001513
CHEMBL1703,HP:0005978
CHEMBL1014,HP:0005978
CHEMBL3545269,HP:0005978
CHEMBL1200775,HP:0001513
CHEMBL264374,HP:0005978
CHEMBL2108336,HP:0005978
CHEMBL897,HP:0001513
CHEMBL897,HP:0005978
CHEMBL4650470,HP:0001513
CHEMBL4650470,HP:0005978
CHEMBL457,HP:0005978
CHEMBL857,HP:0005978
CHEMBL50,HP:0005978
CHEMBL50,HP:0001513
CHEMBL398435,HP:0005978
CHEMBL1148,HP:0005978
CHEMBL8030,HP:0005978
CHEMBL2108569,HP:0005978
CHEMBL4297630,HP:0001513
CHEMBL4297630,HP:0005978
CHEMBL701,HP:0001513
CHEMBL2107860,HP:0005978
CHEMBL498,HP:0005978
CHEMBL3833353,HP:0001513
CHEMBL89598,HP:0001513
CHEMBL282686,HP:0005978
CHEMBL3833353,HP:0005978
CHEMBL783,HP:0005978
CHEMBL142703,HP:0005978
CHEMBL2104753,HP:0005978
CHEMBL4207852,HP:0005978
CHEMBL2021423,HP:0000822
CHEMBL3219124,HP:0003074
CHEMBL1168,HP:0003074
CHEMBL1168,HP:0000822
CHEMBL80830,HP:0000822
CHEMBL271227,HP:0000822
CHEMBL1200688,HP:0003074
CHEMBL459,HP:0003074
CHEMBL483254,HP:0000822
CHEMBL3544971,HP:0000822
CHEMBL3544971,HP:0001513
CHEMBL53463,HP:0000822
CHEMBL405821,HP:0000822
CHEMBL1201733,HP:0000822
CHEMBL2396661,HP:0001513
CHEMBL3622821,HP:0000822
CHEMBL573,HP:0000822
CHEMBL507361,HP:0000822
CHEMBL3833308,HP:0000822
CHEMBL1531,HP:0000822
CHEMBL1743048,HP:0000822
CHEMBL297453,HP:0000822
CHEMBL90555,HP:0000822
CHEMBL501,HP:0000822
CHEMBL1201718,HP:0003074
CHEMBL1055,HP:0003074
CHEMBL1789844,HP:0001513
CHEMBL1201568,HP:0003074
CHEMBL501867,HP:0000822
CHEMBL465,HP:0000822
CHEMBL17879,HP:0000822
CHEMBL1201565,HP:0000822
CHEMBL1201572,HP:0003074
CHEMBL1852688,HP:0001513
CHEMBL1592,HP:0003074
CHEMBL671,HP:0000822
CHEMBL1456,HP:0003074
CHEMBL1456,HP:0000822
CHEMBL1456,HP:0001513
CHEMBL2103822,HP:0001513
CHEMBL83,HP:0000822
CHEMBL1201575,HP:0003074
CHEMBL4085457,HP:0003074
CHEMBL1009,HP:0001513
CHEMBL104,HP:0000822
CHEMBL1200574,HP:0003074
CHEMBL1200574,HP:0000822
CHEMBL3655081,HP:0003074
CHEMBL4297879,HP:0003074
CHEMBL1643,HP:0003074
CHEMBL1201081,HP:0000822
CHEMBL1201825,HP:0000822
CHEMBL2107857,HP:0003074
CHEMBL2107857,HP:0005978
CHEMBL2107857,HP:0000822
CHEMBL838,HP:0000822
CHEMBL2109249,HP:0000822
CHEMBL810,HP:0000822
CHEMBL4585668,HP:0000822
CHEMBL1234886,HP:0000822
CHEMBL3544994,HP:0003074
CHEMBL3544994,HP:0005978
CHEMBL3544994,HP:0000822
CHEMBL3544994,HP:0001513
CHEMBL1201570,HP:0003074
CHEMBL1201570,HP:0000822
CHEMBL467,HP:0000822
CHEMBL467,HP:0001513
CHEMBL5483015,HP:0000822
CHEMBL5095030,HP:0000822
CHEMBL4297635,HP:0003074
CHEMBL4297635,HP:0000822
CHEMBL4297635,HP:0001513
CHEMBL4297635,HP:0005978
CHEMBL1201830,HP:0003074
CHEMBL393220,HP:0003074
CHEMBL2107869,HP:0003074
CHEMBL3989844,HP:0000822
CHEMBL3989844,HP:0001513
CHEMBL1079742,HP:0001513
CHEMBL2107841,HP:0003074
CHEMBL51085,HP:0003074
CHEMBL1256391,HP:0000822
CHEMBL3833373,HP:0001513
CHEMBL35,HP:0000822
CHEMBL1201439,HP:0003074
CHEMBL1201439,HP:0001513
CHEMBL4297744,HP:0000822
CHEMBL25,HP:0000822
CHEMBL1742994,HP:0000822
CHEMBL1743071,HP:0000822
CHEMBL2364653,HP:0000822
CHEMBL205596,HP:0000822
CHEMBL1743069,HP:0000822
CHEMBL1200506,HP:0003074
CHEMBL1513,HP:0000822
CHEMBL480,HP:0003074
CHEMBL196,HP:0003074
CHEMBL1201567,HP:0003074
CHEMBL1201567,HP:0000822
CHEMBL1503,HP:0003074
CHEMBL1503,HP:0000822
CHEMBL3545159,HP:0000822
CHEMBL1201576,HP:0003074
CHEMBL1201576,HP:0000822
CHEMBL4297276,HP:0005978
CHEMBL4297276,HP:0000822
CHEMBL140,HP:0003074
CHEMBL140,HP:0000822
CHEMBL1042,HP:0003074
CHEMBL1042,HP:0000822
CHEMBL298734,HP:0000822
CHEMBL1542,HP:0000822
CHEMBL34259,HP:0000822
CHEMBL1751,HP:0000822
CHEMBL985,HP:0000822
CHEMBL98,HP:0000822
CHEMBL930,HP:0000822
CHEMBL3989516,HP:0000822
CHEMBL1201613,HP:0003074
CHEMBL1201835,HP:0003074
CHEMBL1201835,HP:0000822
CHEMBL741,HP:0000822
CHEMBL661,HP:0003074
CHEMBL1201834,HP:0003074
CHEMBL1201834,HP:0000822
CHEMBL1200480,HP:0005978
CHEMBL1200480,HP:0000822
CHEMBL1201549,HP:0001513
CHEMBL1201772,HP:0000822
CHEMBL1201129,HP:0000822
CHEMBL1201581,HP:0003074
CHEMBL4650299,HP:0003074
CHEMBL550348,HP:0000822
CHEMBL2108305,HP:0003074
CHEMBL5314379,HP:0000822
CHEMBL2103743,HP:0000822
CHEMBL472,HP:0003074
CHEMBL1201607,HP:0000822
CHEMBL2108952,HP:0003074
CHEMBL3137343,HP:0001513
CHEMBL450449,HP:0001513
CHEMBL940,HP:0000822
CHEMBL1240772,HP:0003074
CHEMBL1744447,HP:0003074
CHEMBL1744447,HP:0001513
CHEMBL1743087,HP:0003074
CHEMBL1411,HP:0003074
CHEMBL446143,HP:0003074
CHEMBL781,HP:0000822
CHEMBL1620,HP:0000822
CHEMBL820,HP:0000822
CHEMBL1650,HP:0000822
CHEMBL3989690,HP:0000822
CHEMBL2336325,HP:0001513
CHEMBL1908360,HP:0000822
CHEMBL1908360,HP:0001513
CHEMBL1201605,HP:0003074
CHEMBL1201605,HP:0001513
CHEMBL2104391,HP:0003074
CHEMBL118,HP:0000822
CHEMBL1201580,HP:0000822
CHEMBL1286,HP:0000822
CHEMBL70927,HP:0000822
CHEMBL1201545,HP:0003074
CHEMBL220492,HP:0000822
CHEMBL1535,HP:0003074
CHEMBL1535,HP:0000822
CHEMBL1201832,HP:0000822
CHEMBL33864,HP:0000822
CHEMBL1276308,HP:0001513
CHEMBL1536,HP:0003074
CHEMBL1536,HP:0000822
CHEMBL33864,HP:0003074
CHEMBL1431,HP:0003074
CHEMBL1431,HP:0000822
CHEMBL1200682,HP:0000822
CHEMBL1200682,HP:0001513
CHEMBL1272,HP:0000822
CHEMBL2108027,HP:0003074
CHEMBL1201595,HP:0000822
CHEMBL3301610,HP:0001513
CHEMBL3301610,HP:0000822
CHEMBL165,HP:0003074
CHEMBL1237119,HP:0003074
CHEMBL1096882,HP:0000822
CHEMBL1622,HP:0003074
CHEMBL1622,HP:0000822
CHEMBL2103758,HP:0003074
CHEMBL4298211,HP:0000822
CHEMBL2105759,HP:0003074
CHEMBL2105759,HP:0000822
CHEMBL256147,HP:0000822
CHEMBL1201753,HP:0003074
CHEMBL93268,HP:0000822
CHEMBL96,HP:0003074
CHEMBL3989977,HP:0000822
CHEMBL902,HP:0000822
CHEMBL1237022,HP:0003074
CHEMBL1351,HP:0000822
CHEMBL2220442,HP:0000822
CHEMBL1201438,HP:0003074
CHEMBL1201438,HP:0000822
CHEMBL1222251,HP:0003074
CHEMBL20,HP:0003074
CHEMBL563,HP:0000822
CHEMBL4297310,HP:0001513
CHEMBL1399,HP:0001513
CHEMBL2105684,HP:0000822
CHEMBL4297734,HP:0000822
CHEMBL2108738,HP:0001513
CHEMBL2108506,HP:0003074
CHEMBL159,HP:0000822
CHEMBL2108964,HP:0003074
CHEMBL1201587,HP:0003074
CHEMBL1201587,HP:0000822
CHEMBL3301624,HP:0005978
CHEMBL3301624,HP:0000822
CHEMBL1201561,HP:0000822
CHEMBL1771,HP:0000822
CHEMBL1014,HP:0003074
CHEMBL3301576,HP:0000822
CHEMBL1200511,HP:0001513
CHEMBL76,HP:0000822
CHEMBL2108336,HP:0003074
CHEMBL960,HP:0000822
CHEMBL1626,HP:0000822
CHEMBL1626,HP:0001513
CHEMBL1626,HP:0005978
CHEMBL1140,HP:0000822
CHEMBL1140,HP:0005978
CHEMBL443,HP:0003074
CHEMBL857,HP:0000822
CHEMBL3544983,HP:0000822
CHEMBL43452,HP:0000822
CHEMBL359744,HP:0000822
CHEMBL4297545,HP:0001513
CHEMBL1174,HP:0000822
CHEMBL1201649,HP:0005978
CHEMBL1201649,HP:0000822
CHEMBL1201649,HP:0001513
CHEMBL1024,HP:0000822
CHEMBL398435,HP:0000822
CHEMBL2108569,HP:0003074
CHEMBL367149,HP:0003074
CHEMBL367149,HP:0000822
CHEMBL701,HP:0005978
CHEMBL278315,HP:0000822
CHEMBL4298039,HP:0000822
CHEMBL3301606,HP:0000822
CHEMBL89598,HP:0000822
CHEMBL3833353,HP:0003074
CHEMBL2021430,HP:0000822
CHEMBL1355736,HP:0001513
CHEMBL1355736,HP:0000822
CHEMBL2021430,HP:0005978
CHEMBL4435170,HP:0000822
CHEMBL3989887,HP:0000822
CHEMBL1201828,HP:0000822
CHEMBL3833343,HP:0000822
CHEMBL1201404,HP:0000822
CHEMBL1201583,HP:0000822
CHEMBL2311128,HP:0000822
CHEMBL3707446,HP:0000822
CHEMBL142703,HP:0003074
CHEMBL252556,HP:0005978
CHEMBL1481,HP:0003074
CHEMBL1481,HP:0001513
