source,target,phenotype_label,weight
ABCB10,HP:0005978,Type 2 diabetes,0.4116393992429267
ABCC8,HP:0005978,Type 2 diabetes,0.43435840087112754
ABO,HP:0005978,Type 2 diabetes,0.4105319208601225
ABO-SURF6,HP:0005978,Type 2 diabetes,0.4105319208601225
AC002064.5,HP:0005978,Type 2 diabetes,0.41975600104629807
AC010883.5,HP:0005978,Type 2 diabetes,0.43603600019137057
AC012354.6,HP:0005978,Type 2 diabetes,0.41831639972849516
ACSL1,HP:0005978,Type 2 diabetes,0.4142811994253209
ACSM1,HP:0005978,Type 2 diabetes,0.4217522667478435
ADAMTS9,HP:0005978,Type 2 diabetes,0.41838373209851165
ADAMTS9-AS2,HP:0005978,Type 2 diabetes,0.41838373209851165
ADCY5,HP:0005978,Type 2 diabetes,0.43763560004331226
ADCY5-HACD2,HP:0005978,Type 2 diabetes,0.4144958684687659
AF131215.2,HP:0005978,Type 2 diabetes,0.41226865363955334
AF131215.9,HP:0005978,Type 2 diabetes,0.41226865363955334
AFG2A,HP:0005978,Type 2 diabetes,0.4102575340485656
ALKBH5,HP:0005978,Type 2 diabetes,0.41168663915789266
ANK1,HP:0005978,Type 2 diabetes,0.4350398670147529
ANKH,HP:0005978,Type 2 diabetes,0.4114496002850428
ANKRD31-HMGCR,HP:0005978,Type 2 diabetes,0.41031514559731047
ANPEP,HP:0005978,Type 2 diabetes,0.41610226668513284
AP3S2,HP:0005978,Type 2 diabetes,0.41610226668513284
ARAP1,HP:0005978,Type 2 diabetes,0.43208493325164204
ARAP1-STARD10,HP:0005978,Type 2 diabetes,0.42701746688970854
ARF5,HP:0005978,Type 2 diabetes,0.4245886669719111
ARG1,HP:0005978,Type 2 diabetes,0.41113943959438504
ARHGDIG,HP:0005978,Type 2 diabetes,0.41204258650281095
ARID5B,HP:0005978,Type 2 diabetes,0.41146434677848803
ARL15,HP:0005978,Type 2 diabetes,0.41450200154996886
ARL4A-ETV1,HP:0005978,Type 2 diabetes,0.4195291995710334
ASAH1,HP:0005978,Type 2 diabetes,0.4117271202656161
ATP13A1,HP:0005978,Type 2 diabetes,0.41517853280162775
ATP5MC1,HP:0005978,Type 2 diabetes,0.41709200014025954
ATXN7,HP:0005978,Type 2 diabetes,0.44109546487795503
AUTS2,HP:0005978,Type 2 diabetes,0.42820999996230225
BASP1P1,HP:0005978,Type 2 diabetes,0.4113028792990877
BCAR1,HP:0005978,Type 2 diabetes,0.42360733427598607
BDH2,HP:0005978,Type 2 diabetes,0.4122784937290117
BDNF,HP:0005978,Type 2 diabetes,0.4130550533067915
BHMG1,HP:0005978,Type 2 diabetes,0.41160649428475327
BMP8A,HP:0005978,Type 2 diabetes,0.4174878666003817
BRAF-MRPS33,HP:0005978,Type 2 diabetes,0.4101937590457084
C10orf35-COL13A1,HP:0005978,Type 2 diabetes,0.41023455906905704
C12orf43,HP:0005978,Type 2 diabetes,0.4204178671603935
C12orf43-OASL,HP:0005978,Type 2 diabetes,0.41827226649715893
C15orf38-AP3S2,HP:0005978,Type 2 diabetes,0.41610226668513284
C2CD4A-C2CD4B,HP:0005978,Type 2 diabetes,0.4428492003915757
C4B,HP:0005978,Type 2 diabetes,0.4118929743501063
C5orf67,HP:0005978,Type 2 diabetes,0.43793200051871256
C6orf1-NUDT3,HP:0005978,Type 2 diabetes,0.4202531999224687
CALCR,HP:0005978,Type 2 diabetes,0.41076880002103455
CAMK1D,HP:0005978,Type 2 diabetes,0.4813468001361242
CAMK2N1,HP:0005978,Type 2 diabetes,0.4124892530280501
CARD9,HP:0005978,Type 2 diabetes,0.4166874673305948
CASP3,HP:0005978,Type 2 diabetes,0.4142811994253209
CCDC47,HP:0005978,Type 2 diabetes,0.4098713460893355
CCDC92,HP:0005978,Type 2 diabetes,0.41622293326950477
CCND2,HP:0005978,Type 2 diabetes,0.415976665614147
CCND2-AS1,HP:0005978,Type 2 diabetes,0.415976665614147
CCNE2-TP53INP1,HP:0005978,Type 2 diabetes,0.4111232932461767
CD101,HP:0005978,Type 2 diabetes,0.4101428410263247
CD79B,HP:0005978,Type 2 diabetes,0.4098713460893355
CDC123,HP:0005978,Type ii diabetes,0.4111253327962128
CDC123-CAMK1D,HP:0005978,Type 2 diabetes,0.4813468001361242
CDKAL1,HP:0005978,Type 2 diabetes,0.6430733335563372
CDKN2B,HP:0005978,Type 2 diabetes,0.4161879998426526
CDKN2B-AS1,HP:0005978,Type 2 diabetes,0.4161879998426526
CDKN2B-AS1-DMRTA1,HP:0005978,Type 2 diabetes,0.6178066672533098
CDKN2C,HP:0005978,Type 2 diabetes,0.41883373362668697
CDKN2C-MIR4421,HP:0005978,Type 2 diabetes,0.4146788002811545
CEBPB-LINC01272,HP:0005978,Type 2 diabetes,0.4111525596720293
CENPU,HP:0005978,Type 2 diabetes,0.4142811994253209
CISD2,HP:0005978,Type 2 diabetes,0.4122784937290117
CLEC14A-LINC00639,HP:0005978,Type 2 diabetes,0.41160649428475327
CMIP,HP:0005978,Type 2 diabetes,0.41472373320695316
COBLL1,HP:0005978,Type 2 diabetes,0.4122423601950294
COMMD5,HP:0005978,Type 2 diabetes,0.4103880250647842
CRIPAK,HP:0005978,Type 2 diabetes,0.4255076002760132
CTB-16J4.1,HP:0005978,Type 2 diabetes,0.41975600104629807
CTBP1-AS2-MAEA,HP:0005978,Type 2 diabetes,0.4547269333618249
CTD-2021H9.3,HP:0005978,Type 2 diabetes,0.41374480026786803
CTRB2,HP:0005978,Type 2 diabetes,0.42360733427598607
CTRB2-CTRB1,HP:0005978,Type 2 diabetes,0.42360733427598607
CTTNBP2,HP:0005978,Type 2 diabetes,0.4127573201340067
CTXN1,HP:0005978,Type 2 diabetes,0.4120118799933541
CYB5B-MIR1538,HP:0005978,Type 2 diabetes,0.41041738778771003
CYB5D2,HP:0005978,Type 2 diabetes,0.41780733381006624
CYP21A1P,HP:0005978,Type 2 diabetes,0.4118929743501063
CYP26A1-MYOF,HP:0005978,Type 2 diabetes,0.4194935996304914
DCAF7,HP:0005978,Type 2 diabetes,0.4098713460893355
DCK,HP:0005978,Type 2 diabetes,0.42044426717461353
DDX42,HP:0005978,Type 2 diabetes,0.4098713460893355
DEAR,HP:0005978,Type 2 diabetes,0.41284676028994766
DGKB-AGMO,HP:0005978,Type 2 diabetes,0.4281129332145869
DGKD,HP:0005978,Type 2 diabetes,0.414224267095359
DKFZP434I0714-TMEM154,HP:0005978,Type 2 diabetes,0.43579453166417165
DLEU1,HP:0005978,Type 2 diabetes,0.41287126598140705
DLEU1-AS1,HP:0005978,Type 2 diabetes,0.4102017462683727
DLK1-MIR2392,HP:0005978,Type 2 diabetes,0.4135030669057059
DMRT2,HP:0005978,Type 2 diabetes,0.4102151204692178
DMRT3-LINC01230,HP:0005978,Type 2 diabetes,0.4102151204692178
DPY19L2P4,HP:0005978,Type 2 diabetes,0.41975600104629807
E2F3-CDKAL1,HP:0005978,Type 2 diabetes,0.4235054671252078
EEF1DP7,HP:0005978,Type 2 diabetes,0.4098713460893355
EIF2S2,HP:0005978,Type 2 diabetes,0.41042726810821645
EIF2S2P3,HP:0005978,Type 2 diabetes,0.49453053223351523
EIF5A2-SLC2A2,HP:0005978,Type 2 diabetes,0.41465919883886204
EML2-AS1,HP:0005978,Type 2 diabetes,0.4418608000638355
EML2-GIPR,HP:0005978,Type 2 diabetes,0.4418608000638355
ENPP3,HP:0005978,Type 2 diabetes,0.41113943959438504
EPC2-KIF5C,HP:0005978,Type 2 diabetes,0.4117556402084229
ERCC2,HP:0005978,Type 2 diabetes,0.41160649428475327
ETS1,HP:0005978,Type 2 diabetes,0.41244202662040796
EYA2,HP:0005978,Type 2 diabetes,0.4115293999224689
FAF1,HP:0005978,Type 2 diabetes,0.41883373362668697
FAM167A,HP:0005978,Type 2 diabetes,0.41226865363955334
FAM234A,HP:0005978,Type 2 diabetes,0.41204258650281095
FBXL22,HP:0005978,Type 2 diabetes,0.41264886737730566
FBXO46,HP:0005978,Type 2 diabetes,0.41160649428475327
FBXW7,HP:0005978,Type 2 diabetes,0.41284676028994766
FGFR4,HP:0005978,Type 2 diabetes,0.41576133339244953
FOLH1-LOC440040,HP:0005978,Type 2 diabetes,0.41154369442764016
FSCN3,HP:0005978,Type 2 diabetes,0.4245886669719111
FTO,HP:0005978,Type 2 diabetes,0.4637462654984295
FTSJ3,HP:0005978,Type 2 diabetes,0.4098713460893355
GCC1,HP:0005978,Type 2 diabetes,0.4245886669719111
GCKR,HP:0005978,Type 2 diabetes,0.42799360212582027
GIPR,HP:0005978,Type 2 diabetes,0.4206755993634881
GLIS3,HP:0005978,Type 2 diabetes,0.43513386714774827
GLP1R,HP:0005978,Type 2 diabetes,0.428997199668223
GNG13,HP:0005978,Type 2 diabetes,0.41204258650281095
GNPDA2-GABRG1,HP:0005978,Type 2 diabetes,0.4125537728207142
GOLGA6D-COMMD4,HP:0005978,Type 2 diabetes,0.41156134552606743
GP2,HP:0005978,Type 2 diabetes,0.4217522667478435
GPN1,HP:0005978,Type 2 diabetes,0.42799360212582027
GPSM1,HP:0005978,Type 2 diabetes,0.4337933332620491
GRB14,HP:0005978,Type 2 diabetes,0.4126678136710511
GRB14-COBLL1,HP:0005978,Type 2 diabetes,0.42890200052209104
HCG27-HLA-C.7,HP:0005978,Type 2 diabetes,0.42121066546419944
HERC1,HP:0005978,Type 2 diabetes,0.41264886737730566
HERC2,HP:0005978,Type 2 diabetes,0.40995973373572925
HHEX-EXOC6,HP:0005978,Type 2 diabetes,0.45125586681070123
HLA-DQB1,HP:0005978,Type 2 diabetes,0.42457333369039474
HLA-DQB1-AS1,HP:0005978,Type 2 diabetes,0.42457333369039474
HLA-DRB5,HP:0005978,Type 2 diabetes,0.42457333369039474
HLA-DRB6,HP:0005978,Type 2 diabetes,0.42457333369039474
HLA-DRB9,HP:0005978,Type 2 diabetes,0.42457333369039474
HMG20A,HP:0005978,Type 2 diabetes,0.43438653460980936
HMGA2,HP:0005978,Type 2 diabetes,0.42040693342698027
HMGCR,HP:0005978,Type 2 diabetes,0.41031514559731047
HMGN2P19,HP:0005978,Type 2 diabetes,0.4137295999379561
HNF1A,HP:0005978,Type 2 diabetes,0.4204178671603935
HNF1B,HP:0005978,Type 2 diabetes,0.47972893403036604
HNF4A,HP:0005978,Type 2 diabetes,0.4275304001472757
HORMAD2,HP:0005978,Type 2 diabetes,0.41071690656252735
HORMAD2-AS1,HP:0005978,Type 2 diabetes,0.41071690656252735
HOXB2,HP:0005978,Type 2 diabetes,0.41709200014025954
IDE,HP:0005978,Type 2 diabetes,0.43102373347661355
IFT38,HP:0005978,Type 2 diabetes,0.4114064798862995
IGF2BP2,HP:0005978,Type 2 diabetes,0.4876262658826492
INAFM2,HP:0005978,Type 2 diabetes,0.42634560163851026
IRS1,HP:0005978,Type 2 diabetes,0.4442321336623559
IRX3,HP:0005978,Type 2 diabetes,0.4637462654984295
ITGB6,HP:0005978,Type 2 diabetes,0.4144756012939842
JADE2,HP:0005978,Type 2 diabetes,0.41020590699192483
JAZF1,HP:0005978,Type 2 diabetes,0.4573099989474803
JAZF1-AS1,HP:0005978,Type 2 diabetes,0.4573099989474803
JPH1,HP:0005978,Type 2 diabetes,0.4123275335134477
JPH2,HP:0005978,Type 2 diabetes,0.4131413985114347
KCNB2,HP:0005978,Type 2 diabetes,0.4100207475190216
KCNJ11,HP:0005978,Type 2 diabetes,0.43435840087112754
KCNQ1,HP:0005978,Type 2 diabetes,0.7263013323525205
KCNQ1-AS1,HP:0005978,Type 2 diabetes,0.7263013323525205
KCNQ1DN,HP:0005978,Type 2 diabetes,0.43107599976981403
KCNU1-MIR1268A.3,HP:0005978,Type 2 diabetes,0.4121657332335745
KIF11-HHEX,HP:0005978,Type 2 diabetes,0.49453053223351523
KLF14,HP:0005978,Type 2 diabetes,0.4175417335397858
KLF14-MIR29A,HP:0005978,Type 2 diabetes,0.4175417335397858
KLHL42,HP:0005978,Type 2 diabetes,0.4269090664640097
KLHL42-PTHLH,HP:0005978,Type 2 diabetes,0.4269090664640097
KRT8P46,HP:0005978,Type 2 diabetes,0.4122784937290117
KRTCAP3,HP:0005978,Type 2 diabetes,0.42799360212582027
KSR2,HP:0005978,Type 2 diabetes,0.419751467069431
LAMA1,HP:0005978,Type 2 diabetes,0.41208057311077584
LINC00379-MIR17HG,HP:0005978,Type 2 diabetes,0.42285400032192294
LINC00423-KL,HP:0005978,Type 2 diabetes,0.4143289343635975
LINC00424-LINC00540,HP:0005978,Type 2 diabetes,0.4113028792990877
LINC01080-SPRY2,HP:0005978,Type 2 diabetes,0.44117480089191335
LINC01101-GLI2,HP:0005978,Type 2 diabetes,0.41406493374445563
LINC01141,HP:0005978,Type 2 diabetes,0.4124892530280501
LINC01214-TSC22D2,HP:0005978,Type 2 diabetes,0.4133184645418069
LINC01270,HP:0005978,Type 2 diabetes,0.4111525596720293
LINC01336,HP:0005978,Type 2 diabetes,0.41031514559731047
LINC01605.2-ZNF703,HP:0005978,Type 2 diabetes,0.4143658683801154
LOC100129940,HP:0005978,Type 2 diabetes,0.4097416528601245
LOC101927285-MIR4432HG,HP:0005978,Type 2 diabetes,0.41952026740309556
LOC101927450-TLE4,HP:0005978,Type 2 diabetes,0.4151145330937498
LOC101927478,HP:0005978,Type 2 diabetes,0.4137295999379561
LOC101927502,HP:0005978,Type 2 diabetes,0.43712586642901197
LOC101927919,HP:0005978,Type 2 diabetes,0.4161609332394998
LOC101928778-SEC16B,HP:0005978,Type 2 diabetes,0.4148421334729823
LOC101928978-NKX6-1,HP:0005978,Type 2 diabetes,0.41784826726304497
LOC101929457,HP:0005978,Type 2 diabetes,0.43438653460980936
LOC101929457-LINGO1,HP:0005978,Type 2 diabetes,0.4207483992894657
LOC101929517,HP:0005978,Type 2 diabetes,0.41244202662040796
LOC101929710,HP:0005978,Type 2 diabetes,0.41134186635132763
LOC102467147-C5orf67,HP:0005978,Type 2 diabetes,0.42274013335132105
LOC102723886,HP:0005978,Type 2 diabetes,0.41584719869689124
LOC105370906,HP:0005978,Type 2 diabetes,0.43438653460980936
LOC105373352-TMEM18,HP:0005978,Type 2 diabetes,0.4221246675950193
LOC105374266,HP:0005978,Type 2 diabetes,0.41084961323131103
LOC105374266-LPP-AS2,HP:0005978,Type 2 diabetes,0.413824533325675
LOC153910-HIVEP2,HP:0005978,Type 2 diabetes,0.41092945359239264
LOC284788-LINC00261,HP:0005978,Type 2 diabetes,0.41170722761679035
LOC646736-MIR5702,HP:0005978,Type 2 diabetes,0.4442321336623559
LPL,HP:0005978,Type 2 diabetes,0.41002378649818305
LPL-SLC18A1,HP:0005978,Type 2 diabetes,0.41002378649818305
LRMDA,HP:0005978,Type 2 diabetes,0.4150270666192402
LRRC37A15P,HP:0005978,Type 2 diabetes,0.4122784937290117
LRRC74A-LINC01629,HP:0005978,Type 2 diabetes,0.4134338663531384
MACF1,HP:0005978,Type 2 diabetes,0.4174878666003817
MAEA,HP:0005978,Type 2 diabetes,0.4255076002760132
MAN2A2,HP:0005978,Type 2 diabetes,0.4155529341341093
MAN2C1,HP:0005978,Type 2 diabetes,0.41156134552606743
MAP1LC3A,HP:0005978,Type 2 diabetes,0.41042726810821645
MAP3K3,HP:0005978,Type 2 diabetes,0.4098713460893355
MARK2P9,HP:0005978,Type 2 diabetes,0.43102373347661355
MAU2,HP:0005978,Type 2 diabetes,0.41517853280162775
MBNL1,HP:0005978,Type 2 diabetes,0.41002742680369747
MBNL1-P2RY1,HP:0005978,Type 2 diabetes,0.41180267800217235
MED23,HP:0005978,Type 2 diabetes,0.41011582616937164
MED23-ENPP3,HP:0005978,Type 2 diabetes,0.41113943959438504
MICB,HP:0005978,Type 2 diabetes,0.4118929743501063
MICB-MCCD1,HP:0005978,Type 2 diabetes,0.4118929743501063
MIR129-1,HP:0005978,Type 2 diabetes,0.4730688018235534
MIR4432HG,HP:0005978,Type 2 diabetes,0.4197465345624103
MIR4686,HP:0005978,Type 2 diabetes,0.4105477355109265
MIR4686-ASCL2,HP:0005978,Type 2 diabetes,0.41677959917885826
MIR486-1,HP:0005978,Type 2 diabetes,0.42866733315888506
MIR486-2,HP:0005978,Type 2 diabetes,0.42866733315888506
MIR5009,HP:0005978,Type 2 diabetes,0.41610226668513284
MIR548AC,HP:0005978,Type 2 diabetes,0.4326341333105278
MIR588-RSPO3,HP:0005978,Type 2 diabetes,0.415455734335606
MIR606,HP:0005978,Type 2 diabetes,0.4150270666192402
MIR653,HP:0005978,Type 2 diabetes,0.41076880002103455
MIR6821,HP:0005978,Type 2 diabetes,0.42232853377804913
MOB1B,HP:0005978,Type 2 diabetes,0.42044426717461353
MRPS33,HP:0005978,Type 2 diabetes,0.4101937590457084
MTNR1B,HP:0005978,Type 2 diabetes,0.4389774671091434
MYL7,HP:0005978,Type 2 diabetes,0.41343306646556766
MYO5C,HP:0005978,Type 2 diabetes,0.4116920539256686
NADK2,HP:0005978,Type 2 diabetes,0.4098759200029366
NBEAL2,HP:0005978,Type 2 diabetes,0.4103641864717764
NCR3LG1,HP:0005978,Type 2 diabetes,0.43435840087112754
NDUFAF6,HP:0005978,Type 2 diabetes,0.4111232932461767
NEDD1-RMST,HP:0005978,Type 2 diabetes,0.41099481320417247
NKX1-1-FAM53A,HP:0005978,Type 2 diabetes,0.4255076002760132
NKX6-3,HP:0005978,Type 2 diabetes,0.4350398670147529
NKX6-3-ANK1,HP:0005978,Type 2 diabetes,0.4350398670147529
NLRC3,HP:0005978,Type 2 diabetes,0.4114064798862995
NOTCH2,HP:0005978,Type 2 diabetes,0.41325189453759187
NPIPB14P,HP:0005978,Type 2 diabetes,0.41041738778771003
NRBF2,HP:0005978,Type 2 diabetes,0.41637679996704147
NRBP1,HP:0005978,Type 2 diabetes,0.42799360212582027
NRXN3,HP:0005978,Type 2 diabetes,0.4103816258070461
NUCB2,HP:0005978,Type 2 diabetes,0.43435840087112754
NUDT6,HP:0005978,Type 2 diabetes,0.4102575340485656
NUP133,HP:0005978,Type 2 diabetes,0.4137295999379561
NUS1,HP:0005978,Type 2 diabetes,0.4161609332394998
NYNRIN,HP:0005978,Type 2 diabetes,0.41199023872943635
OASL,HP:0005978,Type 2 diabetes,0.41827226649715893
OASL-P2RX7,HP:0005978,Type 2 diabetes,0.41225230665168755
OXCT2P1,HP:0005978,Type 2 diabetes,0.4174878666003817
PABPC4,HP:0005978,Type 2 diabetes,0.4174878666003817
PABPC4-AS1,HP:0005978,Type 2 diabetes,0.4174878666003817
PAM,HP:0005978,Type 2 diabetes,0.42261093446340314
PELATON,HP:0005978,Type 2 diabetes,0.4111525596720293
PEPD,HP:0005978,Type 2 diabetes,0.4208538663269016
PGM1,HP:0005978,Type 2 diabetes,0.4123563731170058
PIM3,HP:0005978,Type 2 diabetes,0.42232853377804913
PINX1,HP:0005978,Type 2 diabetes,0.41226865363955334
PITPNC1,HP:0005978,Type 2 diabetes,0.4103686651563516
PLCB2-INAFM2,HP:0005978,Type 2 diabetes,0.42634560163851026
PLEKHH2,HP:0005978,Type 2 diabetes,0.43603600019137057
PMAIP1-MC4R,HP:0005978,Type 2 diabetes,0.4350905334279057
POLD2-MYL7,HP:0005978,Type 2 diabetes,0.41343306646556766
POLR2J2-FAM185A,HP:0005978,Type 2 diabetes,0.4139904001485556
POLR2J3,HP:0005978,Type 2 diabetes,0.4139904001485556
POU5F1,HP:0005978,Type 2 diabetes,0.4156021318830229
PPARG,HP:0005978,Type 2 diabetes,0.4317146654360477
PPIP5K2,HP:0005978,Type 2 diabetes,0.42261093446340314
PPM1G,HP:0005978,Type 2 diabetes,0.42799360212582027
PPP1R16A,HP:0005978,Type 2 diabetes,0.4103880250647842
PRC1,HP:0005978,Type 2 diabetes,0.42929906798590944
PRC1-AS1,HP:0005978,Type 2 diabetes,0.42929906798590944
PRIMPOL,HP:0005978,Type 2 diabetes,0.4142811994253209
PROX1,HP:0005978,Type 2 diabetes,0.42276719968647175
PROX1-AS1,HP:0005978,Type 2 diabetes,0.42276719968647175
PRSS3,HP:0005978,Type 2 diabetes,0.41182194812217304
PRSS45,HP:0005978,Type 2 diabetes,0.4103641864717764
PSMD6-AS1,HP:0005978,Type 2 diabetes,0.41053099932025755
PSORS1C3,HP:0005978,Type 2 diabetes,0.4156021318830229
PTCH1,HP:0005978,Type 2 diabetes,0.40993926725226737
PTGFRN,HP:0005978,Type 2 diabetes,0.4101428410263247
PTH1R,HP:0005978,Type 2 diabetes,0.4103641864717764
PTPDC1-MIRLET7A1,HP:0005978,Type 2 diabetes,0.4105852278709252
PTPRR-TSPAN8,HP:0005978,Type 2 diabetes,0.41374480026786803
PURG,HP:0005978,Type 2 diabetes,0.41140461296852815
RAI1,HP:0005978,Type 2 diabetes,0.41168663915789266
RALY,HP:0005978,Type 2 diabetes,0.41042726810821645
RALY-EIF2S2,HP:0005978,Type 2 diabetes,0.41042726810821645
RASA4B,HP:0005978,Type 2 diabetes,0.4139904001485556
RASA4DP,HP:0005978,Type 2 diabetes,0.4139904001485556
RASGRP1,HP:0005978,Type 2 diabetes,0.4182493335011975
RBMS1,HP:0005978,Type 2 diabetes,0.4144756012939842
RCCD1,HP:0005978,Type 2 diabetes,0.42929906798590944
RCOR1-TRAF3,HP:0005978,Type 2 diabetes,0.41043342841269237
RELN,HP:0005978,Type 2 diabetes,0.4104357477558259
RGS11,HP:0005978,Type 2 diabetes,0.41204258650281095
RNF6,HP:0005978,Type 2 diabetes,0.42769546618839605
RORA-VPS13C,HP:0005978,Type 2 diabetes,0.4173676002798897
RP1-239B22.5,HP:0005978,Type 2 diabetes,0.43435840087112754
RP1-253P7.4,HP:0005978,Type 2 diabetes,0.41168663915789266
RP11-10L12.1,HP:0005978,Type 2 diabetes,0.4122784937290117
RP11-170N16.3,HP:0005978,Type 2 diabetes,0.4102575340485656
RP11-186N15.3,HP:0005978,Type 2 diabetes,0.4813468001361242
RP11-384P7.7,HP:0005978,Type 2 diabetes,0.41182194812217304
RP11-392O17.1,HP:0005978,Type 2 diabetes,0.41584719869689124
RP11-395N3.2,HP:0005978,Type 2 diabetes,0.4442321336623559
RP11-419C23.1,HP:0005978,Type 2 diabetes,0.4121657332335745
RP11-478J18.2,HP:0005978,Type 2 diabetes,0.42276719968647175
RP11-493E3.1,HP:0005978,Type 2 diabetes,0.41610226668513284
RP11-514P8.10,HP:0005978,Type 2 diabetes,0.4139904001485556
RP11-51F16.1,HP:0005978,Type 2 diabetes,0.4098713460893355
RP11-69E11.4,HP:0005978,Type 2 diabetes,0.4174878666003817
RP11-817O13.8,HP:0005978,Type 2 diabetes,0.41156134552606743
RP11-993B23.3,HP:0005978,Type 2 diabetes,0.4269090664640097
RP1L1,HP:0005978,Type 2 diabetes,0.41226865363955334
RP5-1042I8.7,HP:0005978,Type 2 diabetes,0.41325189453759187
RP5-1125A11.6,HP:0005978,Type 2 diabetes,0.41042726810821645
RP5-1125A11.7,HP:0005978,Type 2 diabetes,0.41042726810821645
RP5-1142J19.1,HP:0005978,Type 2 diabetes,0.4106877201134778
RPL22L1,HP:0005978,Type 2 diabetes,0.41465919883886204
RPL8,HP:0005978,Type 2 diabetes,0.4103880250647842
RPSAP52,HP:0005978,Type 2 diabetes,0.4213829331983686
RREB1,HP:0005978,Type 2 diabetes,0.418209866252779
RUFY3,HP:0005978,Type 2 diabetes,0.42044426717461353
SAMM50,HP:0005978,Type 2 diabetes,0.41263189413535045
SATB1-AS1,HP:0005978,Type ii diabetes,0.41104188039814366
SCAANT1,HP:0005978,Type 2 diabetes,0.44109546487795503
SCAP,HP:0005978,Type 2 diabetes,0.4103641864717764
SCD5,HP:0005978,Type 2 diabetes,0.41245129375076656
SETD2,HP:0005978,Type 2 diabetes,0.4103641864717764
SHOC2-ADRA2A,HP:0005978,Type 2 diabetes,0.4114473729635559
SINHCAF,HP:0005978,Type 2 diabetes,0.42452066600324984
SIX3,HP:0005978,Type 2 diabetes,0.41831639972849516
SIX3-AS1,HP:0005978,Type 2 diabetes,0.41831639972849516
SIX3-SIX2,HP:0005978,Type 2 diabetes,0.41831639972849516
SKP2,HP:0005978,Type 2 diabetes,0.4098759200029366
SKP2-NADK2,HP:0005978,Type 2 diabetes,0.4098759200029366
SLC16A11-CLEC10A,HP:0005978,Type 2 diabetes,0.4307285336523182
SLC22A2-SLC22A3,HP:0005978,Type 2 diabetes,0.41267278703063537
SLC22A3,HP:0005978,Type 2 diabetes,0.41267278703063537
SLC2A2-TNIK,HP:0005978,Type 2 diabetes,0.4101970925494542
SLC30A8,HP:0005978,Type 2 diabetes,0.4885718673856557
SLC30A8-MED30,HP:0005978,Type ii diabetes,0.4119613576429153
SLC35D3-NHEG1,HP:0005978,Type 2 diabetes,0.4172979992281941
SLC38A11,HP:0005978,Type 2 diabetes,0.42890200052209104
SLC9B2,HP:0005978,Type 2 diabetes,0.4122784937290117
SLED1,HP:0005978,Type 2 diabetes,0.4142811994253209
SLX4,HP:0005978,Type 2 diabetes,0.4114064798862995
SMARCD2,HP:0005978,Type 2 diabetes,0.4098713460893355
SNAPC2,HP:0005978,Type 2 diabetes,0.4120118799933541
SNAPC4,HP:0005978,Type 2 diabetes,0.4166874673305948
SND1-MIR129-1,HP:0005978,Type 2 diabetes,0.4730688018235534
SNF8,HP:0005978,Type 2 diabetes,0.41709200014025954
SNUPN,HP:0005978,Type 2 diabetes,0.41156134552606743
SNX17,HP:0005978,Type 2 diabetes,0.42799360212582027
SOCS2-CRADD,HP:0005978,Type 2 diabetes,0.40990129318718993
SOX7,HP:0005978,Type 2 diabetes,0.41226865363955334
SPATA18-USP46,HP:0005978,Type 2 diabetes,0.410140492979705
SPHKAP,HP:0005978,Type 2 diabetes,0.4100716939859572
SPRED2-MIR4778,HP:0005978,Type 2 diabetes,0.41235231982196685
SREBF1,HP:0005978,Type 2 diabetes,0.41168663915789266
SSR1,HP:0005978,Type 2 diabetes,0.41396800006935325
ST6GAL1,HP:0005978,Type 2 diabetes,0.41134186635132763
STARD10,HP:0005978,Type 2 diabetes,0.42701746688970854
STAT3,HP:0005978,Type 2 diabetes,0.4115232667909588
STAT3-PTRF,HP:0005978,Type 2 diabetes,0.4115232667909588
STEAP1,HP:0005978,Type 2 diabetes,0.41975600104629807
STEAP2,HP:0005978,Type 2 diabetes,0.41975600104629807
STEAP2-AS1,HP:0005978,Type 2 diabetes,0.41975600104629807
STRADA,HP:0005978,Type 2 diabetes,0.4098713460893355
SUGP1,HP:0005978,Type 2 diabetes,0.41517853280162775
SUMO2P17,HP:0005978,Type 2 diabetes,0.41709200014025954
SYN2,HP:0005978,Type 2 diabetes,0.4317146654360477
TACC3-FGFR3,HP:0005978,Type 2 diabetes,0.42071226588725913
TACO1,HP:0005978,Type 2 diabetes,0.4098713460893355
TACO1-MAP3K3,HP:0005978,Type 2 diabetes,0.4098713460893355
TCAM1P,HP:0005978,Type 2 diabetes,0.4098713460893355
TCF7L2,HP:0005978,Type 2 diabetes,0.8
TFAP2B,HP:0005978,Type 2 diabetes,0.41358919974658237
TFAP2B-PKHD1,HP:0005978,Type 2 diabetes,0.41358919974658237
TFRC-LINC00885,HP:0005978,Type 2 diabetes,0.41174772068055693
TGFBR3L,HP:0005978,Type 2 diabetes,0.4120118799933541
TH,HP:0005978,Type 2 diabetes,0.4105477355109265
THADA,HP:0005978,Type 2 diabetes,0.43603600019137057
TIMM44,HP:0005978,Type 2 diabetes,0.4120118799933541
TLE1,HP:0005978,Type 2 diabetes,0.43712586642901197
TOM1L2,HP:0005978,Type 2 diabetes,0.41168663915789266
TP53INP1,HP:0005978,Type 2 diabetes,0.4111232932461767
TRAP1,HP:0005978,Type 2 diabetes,0.4114064798862995
TRIB1-LINC00861,HP:0005978,Type 2 diabetes,0.411208213785225
TSPAN3,HP:0005978,Type 2 diabetes,0.43438653460980936
TSPAN8,HP:0005978,Type 2 diabetes,0.41374480026786803
TTLL6,HP:0005978,Type 2 diabetes,0.41709200014025954
UBAP2,HP:0005978,Type 2 diabetes,0.41182194812217304
UBE2D3,HP:0005978,Type 2 diabetes,0.4122784937290117
UBE2E2,HP:0005978,Type 2 diabetes,0.4487594677287141
UBE2Z,HP:0005978,Type 2 diabetes,0.41709200014025954
UBE3C,HP:0005978,Type 2 diabetes,0.41570333257262254
UPF2-DHTKD1,HP:0005978,Type 2 diabetes,0.4106586160600036
UPK3BL1,HP:0005978,Type 2 diabetes,0.4139904001485556
USP3,HP:0005978,Type 2 diabetes,0.41264886737730566
USP3-AS1,HP:0005978,Type 2 diabetes,0.41264886737730566
VAV3,HP:0005978,Type 2 diabetes,0.4100260135160995
VEGFA-LINC01512,HP:0005978,Type 2 diabetes,0.41326307987308036
VPS13C,HP:0005978,Type 2 diabetes,0.4173676002798897
VPS33B,HP:0005978,Type 2 diabetes,0.42929906798590944
WDR11-FGFR2,HP:0005978,Type 2 diabetes,0.42170319973653353
WFS1,HP:0005978,Type 2 diabetes,0.4443445335341266
WSCD2,HP:0005978,Type 2 diabetes,0.4148133334203352
XXbac-BPG299F13.17,HP:0005978,Type 2 diabetes,0.4156021318830229
YKT6,HP:0005978,Type 2 diabetes,0.4111621467307754
YTHDC2,HP:0005978,Type 2 diabetes,0.4097638005227604
ZBED3-AS1,HP:0005978,Type 2 diabetes,0.41590026424308113
ZBTB20-GAP43,HP:0005978,Type 2 diabetes,0.4139037334658088
ZFHX3-HCCAT5,HP:0005978,Type 2 diabetes,0.41529079968836324
ZMIZ1,HP:0005978,Type 2 diabetes,0.4242453334873048
ZNF257,HP:0005978,Type 2 diabetes,0.4164097336261301
ZNF257-ZNF676,HP:0005978,Type 2 diabetes,0.4164097336261301
ZNF34,HP:0005978,Type 2 diabetes,0.4103880250647842
ZNF517,HP:0005978,Type 2 diabetes,0.4103880250647842
ZNF664,HP:0005978,Type 2 diabetes,0.41622293326950477
ZNF664-FAM101A,HP:0005978,Type 2 diabetes,0.41622293326950477
ZNF7,HP:0005978,Type 2 diabetes,0.4103880250647842
ZNF703,HP:0005978,Type 2 diabetes,0.4121657332335745
ZZEF1,HP:0005978,Type 2 diabetes,0.41780733381006624
