source,target,phenotype_label,weight,cui
ABCA7,HP:0002511,Alzheimer's disease,0.5026785573409993,C0002395
ABCB10,HP:0005978,Type ii diabetes,0.4116393992429267,C0011860
ABCC8,HP:0005978,Type ii diabetes,0.4343584008711275,C0011860
ABO,HP:0005978,Type ii diabetes,0.4105319208601225,C0011860
ABO-SURF6,HP:0005978,Type ii diabetes,0.4105319208601225,C0011860
AC002064.5,HP:0005978,Type ii diabetes,0.419756001046298,C0011860
AC010883.5,HP:0005978,Type ii diabetes,0.4360360001913705,C0011860
AC012146.7,HP:0002511,Alzheimer's disease,0.4425599415739972,C0002395
AC012354.6,HP:0005978,Type ii diabetes,0.4183163997284951,C0011860
ACE,HP:0002511,Alzheimer's disease,0.4540120720913671,C0002395
ACSL1,HP:0005978,Type ii diabetes,0.4142811994253209,C0011860
ACSM1,HP:0005978,Type ii diabetes,0.4217522667478435,C0011860
ADAM10,HP:0002511,Alzheimer's disease,0.4383697676675884,C0002395
ADAM10-LOC101928725,HP:0002511,Alzheimer's disease,0.4383697676675884,C0002395
ADAMTS9,HP:0005978,Type ii diabetes,0.4183837320985116,C0011860
ADAMTS9-AS2,HP:0005978,Type ii diabetes,0.4183837320985116,C0011860
ADCY5,HP:0005978,Type ii diabetes,0.4693099112035929,C0011860
ADCY5-HACD2,HP:0005978,Type ii diabetes,0.4144958684687659,C0011860
AF131215.2,HP:0005978,Type ii diabetes,0.4122686536395533,C0011860
AF131215.9,HP:0005978,Type ii diabetes,0.4122686536395533,C0011860
AFG2A,HP:0005978,Type ii diabetes,0.4102575340485656,C0011860
ALKBH5,HP:0005978,Type ii diabetes,0.4116866391578926,C0011860
ANK1,HP:0005978,Type ii diabetes,0.4350398670147529,C0011860
ANK3,HP:0002511,Alzheimer's disease,0.4285384008380322,C0002395
ANKH,HP:0005978,Type ii diabetes,0.4114496002850428,C0011860
ANKRD31-HMGCR,HP:0005978,Type ii diabetes,0.4103151455973104,C0011860
ANPEP,HP:0005978,Type ii diabetes,0.4161022666851328,C0011860
AP001439.2,HP:0002511,Alzheimer's disease,0.4314190399901481,C0002395
AP3S2,HP:0005978,Type ii diabetes,0.4161022666851328,C0011860
APH1B,HP:0002511,Alzheimer's disease,0.4725252670008744,C0002395
APOC2,HP:0002511,Alzheimer's disease,0.431714413324253,C0002395
APOC4-APOC2,HP:0002511,Alzheimer's disease,0.431714413324253,C0002395
APOC4-APOC2-CLPTM1,HP:0002511,Alzheimer's disease,0.431714413324253,C0002395
APP,HP:0002511,Alzheimer's disease,0.4314190399901481,C0002395
ARAP1,HP:0005978,Type ii diabetes,0.432084933251642,C0011860
ARAP1-STARD10,HP:0005978,Type ii diabetes,0.4270174668897085,C0011860
ARF5,HP:0005978,Type ii diabetes,0.4245886669719111,C0011860
ARG1,HP:0005978,Type ii diabetes,0.411139439594385,C0011860
ARHGDIG,HP:0005978,Type ii diabetes,0.4120425865028109,C0011860
ARID5B,HP:0005978,Type ii diabetes,0.411464346778488,C0011860
ARL15,HP:0005978,Type ii diabetes,0.4145020015499688,C0011860
ARL17A,HP:0002511,Alzheimer's disease,0.4299813955595544,C0002395
ARL4A-ETV1,HP:0005978,Type ii diabetes,0.4195291995710334,C0011860
ASAH1,HP:0005978,Type ii diabetes,0.4117271202656161,C0011860
ATP13A1,HP:0005978,Type ii diabetes,0.4151785328016277,C0011860
ATP5MC1,HP:0005978,Type ii diabetes,0.4170920001402595,C0011860
ATP8B3,HP:0002511,Alzheimer's disease,0.4286901402613038,C0002395
ATXN7,HP:0005978,Type ii diabetes,0.441095464877955,C0011860
AUTS2,HP:0005978,Type ii diabetes,0.4282099999623022,C0011860
B4GALT3,HP:0002511,Alzheimer's disease,0.4276791909926001,C0002395
BASP1P1,HP:0005978,Type ii diabetes,0.4113028792990877,C0011860
BCAM-NECTIN2,HP:0002511,Alzheimer's disease,0.6430487287334351,C0002395
BCAR1,HP:0005978,Type ii diabetes,0.423607334275986,C0011860
BDH2,HP:0005978,Type ii diabetes,0.4122784937290117,C0011860
BDNF,HP:0005978,Type ii diabetes,0.4130550533067915,C0011860
BHMG1,HP:0005978,Type ii diabetes,0.4116064942847532,C0011860
BIN1,HP:0002511,Alzheimer's disease,0.711610577646782,C0002395
BIN1-CYP27C1,HP:0002511,Alzheimer's disease,0.711610577646782,C0002395
BLOC1S3-EXOC3L2,HP:0002511,Alzheimer's disease,0.4450887895106056,C0002395
BMP8A,HP:0005978,Type ii diabetes,0.4174878666003817,C0011860
BOLA2,HP:0002511,Alzheimer's disease,0.4396062422421477,C0002395
BRAF-MRPS33,HP:0005978,Type ii diabetes,0.4101937590457084,C0011860
C10orf35-COL13A1,HP:0005978,Type ii diabetes,0.410234559069057,C0011860
C12orf43,HP:0005978,Type ii diabetes,0.4204178671603935,C0011860
C12orf43-OASL,HP:0005978,Type ii diabetes,0.4182722664971589,C0011860
C15orf38-AP3S2,HP:0005978,Type ii diabetes,0.4161022666851328,C0011860
C17orf107,HP:0002511,Alzheimer's disease,0.4425599415739972,C0002395
C1QTNF4,HP:0002511,Alzheimer's disease,0.4401250788096367,C0002395
C2CD4A-C2CD4B,HP:0005978,Type ii diabetes,0.4428492003915757,C0011860
C4B,HP:0005978,Type ii diabetes,0.4118929743501063,C0011860
C5orf67,HP:0005978,Type ii diabetes,0.4379320005187125,C0011860
C6orf1-NUDT3,HP:0005978,Type ii diabetes,0.4202531999224687,C0011860
CALCR,HP:0005978,Type ii diabetes,0.4107688000210345,C0011860
CAMK1D,HP:0005978,Type ii diabetes,0.4813468001361242,C0011860
CAMK2N1,HP:0005978,Type ii diabetes,0.4124892530280501,C0011860
CARD9,HP:0005978,Type ii diabetes,0.4166874673305948,C0011860
CASP3,HP:0005978,Type ii diabetes,0.4142811994253209,C0011860
CASS4,HP:0002511,Alzheimer's disease,0.4535096551552662,C0002395
CCDC47,HP:0005978,Type ii diabetes,0.4098713460893355,C0011860
CCDC92,HP:0005978,Type ii diabetes,0.4162229332695047,C0011860
CCND2,HP:0005978,Type ii diabetes,0.415976665614147,C0011860
CCND2-AS1,HP:0005978,Type ii diabetes,0.415976665614147,C0011860
CCNE2-TP53INP1,HP:0005978,Type ii diabetes,0.4111232932461767,C0011860
CD101,HP:0005978,Type ii diabetes,0.4101428410263247,C0011860
CD2AP,HP:0002511,Alzheimer's disease,0.4430763304558356,C0002395
CD2AP-ADGRF2,HP:0002511,Alzheimer's disease,0.4430763304558356,C0002395
CD79B,HP:0005978,Type ii diabetes,0.4098713460893355,C0011860
CDC123,HP:0005978,Type ii diabetes,0.4623545083257573,C0011860
CDC123-CAMK1D,HP:0005978,Type ii diabetes,0.4813468001361242,C0011860
CDKAL1,HP:0005978,Type ii diabetes,0.6430733335563372,C0011860
CDKN2B,HP:0005978,Type ii diabetes,0.4161879998426526,C0011860
CDKN2B-AS1,HP:0005978,Type ii diabetes,0.4161879998426526,C0011860
CDKN2B-AS1-DMRTA1,HP:0005978,Type ii diabetes,0.6178066672533098,C0011860
CDKN2C,HP:0005978,Type ii diabetes,0.4188337336266869,C0011860
CDKN2C-MIR4421,HP:0005978,Type ii diabetes,0.4146788002811545,C0011860
CEBPB-LINC01272,HP:0005978,Type ii diabetes,0.4111525596720293,C0011860
CENPU,HP:0005978,Type ii diabetes,0.4142811994253209,C0011860
CHRNE,HP:0002511,Alzheimer's disease,0.4425599415739972,C0002395
CISD2,HP:0005978,Type ii diabetes,0.4122784937290117,C0011860
CLASRP,HP:0002511,Alzheimer's disease,0.4884400858922392,C0002395
CLEC14A-LINC00639,HP:0005978,Type ii diabetes,0.4116064942847532,C0011860
CLNK-MIR572,HP:0002511,Alzheimer's disease,0.4450790017551605,C0002395
CLPTM1,HP:0002511,Alzheimer's disease,0.431714413324253,C0002395
CLU,HP:0002511,Alzheimer's disease,0.514136277747531,C0002395
CMIP,HP:0005978,Type ii diabetes,0.4147237332069531,C0011860
CMIP-PLCG2,HP:0002511,Alzheimer's disease,0.4407249720063306,C0002395
CNN2,HP:0002511,Alzheimer's disease,0.5026785573409993,C0002395
COBLL1,HP:0005978,Type ii diabetes,0.4122423601950294,C0011860
COMMD5,HP:0005978,Type ii diabetes,0.4103880250647842,C0011860
CR1,HP:0002511,Alzheimer's disease,0.5137145682819694,C0002395
CRIPAK,HP:0005978,Type ii diabetes,0.4255076002760132,C0011860
CTB-16J4.1,HP:0005978,Type ii diabetes,0.419756001046298,C0011860
CTBP1-AS2-MAEA,HP:0005978,Type ii diabetes,0.4547269333618249,C0011860
CTD-2021H9.3,HP:0005978,Type ii diabetes,0.413744800267868,C0011860
CTRB2,HP:0005978,Type ii diabetes,0.423607334275986,C0011860
CTRB2-CTRB1,HP:0005978,Type ii diabetes,0.423607334275986,C0011860
CTSB,HP:0002511,Alzheimer's disease,0.4288684302084978,C0002395
CTTNBP2,HP:0005978,Type ii diabetes,0.4127573201340067,C0011860
CTXN1,HP:0005978,Type ii diabetes,0.4120118799933541,C0011860
CYB561-ACE,HP:0002511,Alzheimer's disease,0.4540120720913671,C0002395
CYB5B-MIR1538,HP:0005978,Type ii diabetes,0.41041738778771,C0011860
CYB5D2,HP:0005978,Type ii diabetes,0.4178073338100662,C0011860
CYP21A1P,HP:0005978,Type ii diabetes,0.4118929743501063,C0011860
CYP26A1-MYOF,HP:0005978,Type ii diabetes,0.4194935996304914,C0011860
CYYR1-ADAMTS1,HP:0002511,Alzheimer's disease,0.430623492270493,C0002395
DCAF7,HP:0005978,Type ii diabetes,0.4098713460893355,C0011860
DCK,HP:0005978,Type ii diabetes,0.4204442671746135,C0011860
DDX42,HP:0005978,Type ii diabetes,0.4098713460893355,C0011860
DEAR,HP:0005978,Type ii diabetes,0.4128467602899476,C0011860
DGKB-AGMO,HP:0005978,Type ii diabetes,0.4281129332145869,C0011860
DGKD,HP:0005978,Type ii diabetes,0.414224267095359,C0011860
DGKQ,HP:0002511,Alzheimer's disease,0.4324854699627097,C0002395
DKFZP434I0714-TMEM154,HP:0005978,Type ii diabetes,0.4357945316641716,C0011860
DLEU1,HP:0005978,Type ii diabetes,0.412871265981407,C0011860
DLEU1-AS1,HP:0005978,Type ii diabetes,0.4102017462683727,C0011860
DLK1-MIR2392,HP:0005978,Type ii diabetes,0.4135030669057059,C0011860
DMRT2,HP:0005978,Type ii diabetes,0.4102151204692178,C0011860
DMRT3-LINC01230,HP:0005978,Type ii diabetes,0.4102151204692178,C0011860
DOC2A,HP:0002511,Alzheimer's disease,0.4396062422421477,C0002395
DPY19L2P4,HP:0005978,Type ii diabetes,0.419756001046298,C0011860
E2F3-CDKAL1,HP:0005978,Type ii diabetes,0.4235054671252078,C0011860
EEF1DP7,HP:0005978,Type ii diabetes,0.4098713460893355,C0011860
EIF2S2,HP:0005978,Type ii diabetes,0.4104272681082164,C0011860
EIF2S2P3,HP:0005978,Type ii diabetes,0.4945305322335152,C0011860
EIF5A2-SLC2A2,HP:0005978,Type ii diabetes,0.414659198838862,C0011860
ELK2AP-MIR4507,HP:0002511,Alzheimer's disease,0.433090497534298,C0002395
EML2-AS1,HP:0005978,Type ii diabetes,0.4418608000638355,C0011860
EML2-GIPR,HP:0005978,Type ii diabetes,0.4418608000638355,C0011860
ENPP3,HP:0005978,Type ii diabetes,0.411139439594385,C0011860
EPC2-KIF5C,HP:0005978,Type ii diabetes,0.4117556402084229,C0011860
EPHA1-AS1,HP:0002511,Alzheimer's disease,0.453799294556522,C0002395
ERCC2,HP:0005978,Type ii diabetes,0.4116064942847532,C0011860
ETS1,HP:0005978,Type ii diabetes,0.4124420266204079,C0011860
EYA2,HP:0005978,Type ii diabetes,0.4115293999224689,C0011860
FAF1,HP:0005978,Type ii diabetes,0.4188337336266869,C0011860
FAM167A,HP:0005978,Type ii diabetes,0.4122686536395533,C0011860
FAM171A2,HP:0002511,Alzheimer's disease,0.4410719130105123,C0002395
FAM234A,HP:0005978,Type ii diabetes,0.4120425865028109,C0011860
FBXL22,HP:0005978,Type ii diabetes,0.4126488673773056,C0011860
FBXO33,HP:0002511,Alzheimer's disease,0.4274445535233701,C0002395
FBXO46,HP:0005978,Type ii diabetes,0.4116064942847532,C0011860
FBXW7,HP:0005978,Type ii diabetes,0.4128467602899476,C0011860
FCER1G,HP:0002511,Alzheimer's disease,0.4276791909926001,C0002395
FERMT2,HP:0002511,Alzheimer's disease,0.4322661967988637,C0002395
FGFR4,HP:0005978,Type ii diabetes,0.4157613333924495,C0011860
FOLH1-LOC440040,HP:0005978,Type ii diabetes,0.4115436944276401,C0011860
FSCN3,HP:0005978,Type ii diabetes,0.4245886669719111,C0011860
FTO,HP:0005978,Type ii diabetes,0.4637462654984295,C0011860
FTSJ3,HP:0002511,Alzheimer's disease,0.4540120720913671,C0002395
FTSJ3,HP:0005978,Type ii diabetes,0.4098713460893355,C0011860
GATS,HP:0002511,Alzheimer's disease,0.4617397645561313,C0002395
GCC1,HP:0005978,Type ii diabetes,0.4245886669719111,C0011860
GCKR,HP:0005978,Type ii diabetes,0.4279936021258202,C0011860
GIGYF1,HP:0002511,Alzheimer's disease,0.4617397645561313,C0002395
GIPR,HP:0005978,Type ii diabetes,0.4206755993634881,C0011860
GLIS3,HP:0005978,Type ii diabetes,0.4351338671477482,C0011860
GLP1R,HP:0005978,Type ii diabetes,0.428997199668223,C0011860
GNG13,HP:0005978,Type ii diabetes,0.4120425865028109,C0011860
GNPDA2-GABRG1,HP:0005978,Type ii diabetes,0.4125537728207142,C0011860
GOLGA6D-COMMD4,HP:0005978,Type ii diabetes,0.4115613455260674,C0011860
GP2,HP:0005978,Type ii diabetes,0.4217522667478435,C0011860
GPN1,HP:0005978,Type ii diabetes,0.4279936021258202,C0011860
GPSM1,HP:0005978,Type ii diabetes,0.4337933332620491,C0011860
GRB14,HP:0005978,Type ii diabetes,0.4126678136710511,C0011860
GRB14-COBLL1,HP:0005978,Type ii diabetes,0.428902000522091,C0011860
GRN,HP:0002511,Alzheimer's disease,0.4410719130105123,C0002395
HCG27-HLA-C.7,HP:0005978,Type ii diabetes,0.4212106654641994,C0011860
HERC1,HP:0005978,Type ii diabetes,0.4126488673773056,C0011860
HERC2,HP:0005978,Type ii diabetes,0.4099597337357292,C0011860
HHEX-EXOC6,HP:0005978,Type ii diabetes,0.4733581034317378,C0011860
HLA-DQB1,HP:0005978,Type ii diabetes,0.4245733336903947,C0011860
HLA-DQB1-AS1,HP:0005978,Type ii diabetes,0.4245733336903947,C0011860
HLA-DRB1,HP:0002511,Alzheimer's disease,0.4571946172723344,C0002395
HLA-DRB1-HLA-DQA1,HP:0002511,Alzheimer's disease,0.4571946172723344,C0002395
HLA-DRB5,HP:0005978,Type ii diabetes,0.4245733336903947,C0011860
HLA-DRB6,HP:0005978,Type ii diabetes,0.4245733336903947,C0011860
HLA-DRB9,HP:0005978,Type ii diabetes,0.4245733336903947,C0011860
HMG20A,HP:0005978,Type ii diabetes,0.4343865346098093,C0011860
HMGA2,HP:0005978,Type ii diabetes,0.4204069334269802,C0011860
HMGCR,HP:0005978,Type ii diabetes,0.4103151455973104,C0011860
HMGN2P19,HP:0005978,Type ii diabetes,0.4137295999379561,C0011860
HNF1A,HP:0005978,Type ii diabetes,0.4204178671603935,C0011860
HNF1B,HP:0005978,Type ii diabetes,0.479728934030366,C0011860
HNF4A,HP:0005978,Type ii diabetes,0.4797919560150377,C0011860
HORMAD2,HP:0005978,Type ii diabetes,0.4107169065625273,C0011860
HORMAD2-AS1,HP:0005978,Type ii diabetes,0.4107169065625273,C0011860
HOXB2,HP:0005978,Type ii diabetes,0.4170920001402595,C0011860
IDE,HP:0005978,Type ii diabetes,0.4310237334766135,C0011860
IDUA,HP:0002511,Alzheimer's disease,0.4324854699627097,C0002395
IFT38,HP:0005978,Type ii diabetes,0.4114064798862995,C0011860
IGF2BP2,HP:0005978,Type ii diabetes,0.5045387073304975,C0011860
IGHG3,HP:0002511,Alzheimer's disease,0.433090497534298,C0002395
IGHGP,HP:0002511,Alzheimer's disease,0.433090497534298,C0002395
INAFM2,HP:0005978,Type ii diabetes,0.4263456016385102,C0011860
INO80E,HP:0002511,Alzheimer's disease,0.4396062422421477,C0002395
INPP5D,HP:0002511,Alzheimer's disease,0.4593314493188436,C0002395
IRS1,HP:0005978,Type ii diabetes,0.4442321336623559,C0011860
IRX3,HP:0005978,Type ii diabetes,0.4637462654984295,C0011860
ITGB6,HP:0005978,Type ii diabetes,0.4144756012939842,C0011860
JADE2,HP:0005978,Type ii diabetes,0.4102059069919248,C0011860
JAZF1,HP:0002511,Alzheimer's disease,0.4268213857982554,C0002395
JAZF1,HP:0005978,Type ii diabetes,0.4573099989474803,C0011860
JAZF1-AS1,HP:0002511,Alzheimer's disease,0.4268213857982554,C0002395
JAZF1-AS1,HP:0005978,Type ii diabetes,0.4573099989474803,C0011860
JPH1,HP:0005978,Type ii diabetes,0.4123275335134477,C0011860
JPH2,HP:0005978,Type ii diabetes,0.4131413985114347,C0011860
KANSL1-AS1,HP:0002511,Alzheimer's disease,0.4299813955595544,C0002395
KCNB2,HP:0005978,Type ii diabetes,0.4100207475190216,C0011860
KCNJ11,HP:0005978,Type ii diabetes,0.4343584008711275,C0011860
KCNQ1,HP:0005978,Type ii diabetes,0.7263013323525205,C0011860
KCNQ1-AS1,HP:0005978,Type ii diabetes,0.7263013323525205,C0011860
KCNQ1DN,HP:0005978,Type ii diabetes,0.431075999769814,C0011860
KCNU1-MIR1268A.3,HP:0005978,Type ii diabetes,0.4121657332335745,C0011860
KIF11-HHEX,HP:0005978,Type ii diabetes,0.4945305322335152,C0011860
KLF14,HP:0005978,Type ii diabetes,0.4175417335397858,C0011860
KLF14-MIR29A,HP:0005978,Type ii diabetes,0.4175417335397858,C0011860
KLHL42,HP:0005978,Type ii diabetes,0.4269090664640097,C0011860
KLHL42-PTHLH,HP:0005978,Type ii diabetes,0.4269090664640097,C0011860
KRT8P46,HP:0005978,Type ii diabetes,0.4122784937290117,C0011860
KRTCAP3,HP:0005978,Type ii diabetes,0.4279936021258202,C0011860
KSR2,HP:0005978,Type ii diabetes,0.419751467069431,C0011860
LACTB,HP:0002511,Alzheimer's disease,0.4725252670008744,C0002395
LAMA1,HP:0005978,Type ii diabetes,0.4120805731107758,C0011860
LINC00379-MIR17HG,HP:0005978,Type ii diabetes,0.4228540003219229,C0011860
LINC00423-KL,HP:0005978,Type ii diabetes,0.4143289343635975,C0011860
LINC00424-LINC00540,HP:0005978,Type ii diabetes,0.4113028792990877,C0011860
LINC01080-SPRY2,HP:0005978,Type ii diabetes,0.4411748008919133,C0011860
LINC01101-GLI2,HP:0005978,Type ii diabetes,0.4140649337444556,C0011860
LINC01141,HP:0005978,Type ii diabetes,0.4124892530280501,C0011860
LINC01214-TSC22D2,HP:0005978,Type ii diabetes,0.4133184645418069,C0011860
LINC01270,HP:0005978,Type ii diabetes,0.4111525596720293,C0011860
LINC01336,HP:0005978,Type ii diabetes,0.4103151455973104,C0011860
LINC01553-ANK3,HP:0002511,Alzheimer's disease,0.4285384008380322,C0002395
LINC01605.2-ZNF703,HP:0005978,Type ii diabetes,0.4143658683801154,C0011860
LOC100129940,HP:0005978,Type ii diabetes,0.4097416528601245,C0011860
LOC100130950,HP:0002511,Alzheimer's disease,0.4425599415739972,C0002395
LOC100130950-RABEP1,HP:0002511,Alzheimer's disease,0.4425599415739972,C0002395
LOC100505878-MIR4280,HP:0002511,Alzheimer's disease,0.4456526935904603,C0002395
LOC100996654-EGFR,HP:0002511,Alzheimer's disease,0.4303583469060695,C0002395
LOC101927285-MIR4432HG,HP:0005978,Type ii diabetes,0.4195202674030955,C0011860
LOC101927450-TLE4,HP:0005978,Type ii diabetes,0.4151145330937498,C0011860
LOC101927478,HP:0005978,Type ii diabetes,0.4137295999379561,C0011860
LOC101927502,HP:0005978,Type ii diabetes,0.4371258664290119,C0011860
LOC101927768-LOC105377962,HP:0002511,Alzheimer's disease,0.4261693633986289,C0002395
LOC101927919,HP:0005978,Type ii diabetes,0.4161609332394998,C0011860
LOC101928778-SEC16B,HP:0005978,Type ii diabetes,0.4148421334729823,C0011860
LOC101928978-NKX6-1,HP:0005978,Type ii diabetes,0.4178482672630449,C0011860
LOC101929457,HP:0005978,Type ii diabetes,0.4343865346098093,C0011860
LOC101929457-LINGO1,HP:0005978,Type ii diabetes,0.4207483992894657,C0011860
LOC101929517,HP:0005978,Type ii diabetes,0.4124420266204079,C0011860
LOC101929710,HP:0005978,Type ii diabetes,0.4113418663513276,C0011860
LOC102467147-C5orf67,HP:0005978,Type ii diabetes,0.422740133351321,C0011860
LOC102723886,HP:0005978,Type ii diabetes,0.4158471986968912,C0011860
LOC105370906,HP:0005978,Type ii diabetes,0.4343865346098093,C0011860
LOC105373352-TMEM18,HP:0005978,Type ii diabetes,0.4221246675950193,C0011860
LOC105374266,HP:0005978,Type ii diabetes,0.410849613231311,C0011860
LOC105374266-LPP-AS2,HP:0005978,Type ii diabetes,0.413824533325675,C0011860
LOC153910-HIVEP2,HP:0005978,Type ii diabetes,0.4109294535923926,C0011860
LOC284788-LINC00261,HP:0005978,Type ii diabetes,0.4117072276167903,C0011860
LOC646736-MIR5702,HP:0005978,Type ii diabetes,0.4442321336623559,C0011860
LPL,HP:0005978,Type ii diabetes,0.410023786498183,C0011860
LPL-SLC18A1,HP:0005978,Type ii diabetes,0.410023786498183,C0011860
LRMDA,HP:0005978,Type ii diabetes,0.4150270666192402,C0011860
LRRC37A,HP:0002511,Alzheimer's disease,0.4299813955595544,C0002395
LRRC37A15P,HP:0005978,Type ii diabetes,0.4122784937290117,C0011860
LRRC74A-LINC01629,HP:0005978,Type ii diabetes,0.4134338663531384,C0011860
MACF1,HP:0005978,Type ii diabetes,0.4174878666003817,C0011860
MAEA,HP:0005978,Type ii diabetes,0.4255076002760132,C0011860
MAF1,HP:0002511,Alzheimer's disease,0.4402927842173367,C0002395
MAN2A2,HP:0005978,Type ii diabetes,0.4155529341341093,C0011860
MAN2C1,HP:0005978,Type ii diabetes,0.4115613455260674,C0011860
MAP1LC3A,HP:0005978,Type ii diabetes,0.4104272681082164,C0011860
MAP3K3,HP:0005978,Type ii diabetes,0.4098713460893355,C0011860
MAPK3,HP:0002511,Alzheimer's disease,0.4396062422421477,C0002395
MAPK8IP1P1,HP:0002511,Alzheimer's disease,0.4299813955595544,C0002395
MAPT,HP:0002511,Alzheimer's disease,0.4299813955595544,C0002395
MAPT-AS1,HP:0002511,Alzheimer's disease,0.4299813955595544,C0002395
MARK2P9,HP:0005978,Type ii diabetes,0.4310237334766135,C0011860
MAU2,HP:0005978,Type ii diabetes,0.4151785328016277,C0011860
MBNL1,HP:0005978,Type ii diabetes,0.4100274268036974,C0011860
MBNL1-P2RY1,HP:0005978,Type ii diabetes,0.4118026780021723,C0011860
MED23,HP:0005978,Type ii diabetes,0.4101158261693716,C0011860
MED23-ENPP3,HP:0005978,Type ii diabetes,0.411139439594385,C0011860
MICB,HP:0005978,Type ii diabetes,0.4118929743501063,C0011860
MICB-MCCD1,HP:0005978,Type ii diabetes,0.4118929743501063,C0011860
MINDY2,HP:0002511,Alzheimer's disease,0.4383697676675884,C0002395
MIR129-1,HP:0005978,Type ii diabetes,0.4730688018235534,C0011860
MIR142,HP:0002511,Alzheimer's disease,0.4258072254585291,C0002395
MIR4432HG,HP:0005978,Type ii diabetes,0.4197465345624103,C0011860
MIR4686,HP:0005978,Type ii diabetes,0.4105477355109265,C0011860
MIR4686-ASCL2,HP:0005978,Type ii diabetes,0.4167795991788582,C0011860
MIR4736,HP:0002511,Alzheimer's disease,0.4258072254585291,C0002395
MIR486-1,HP:0005978,Type ii diabetes,0.428667333158885,C0011860
MIR486-2,HP:0005978,Type ii diabetes,0.428667333158885,C0011860
MIR5009,HP:0005978,Type ii diabetes,0.4161022666851328,C0011860
MIR548AC,HP:0005978,Type ii diabetes,0.4326341333105278,C0011860
MIR588-RSPO3,HP:0005978,Type ii diabetes,0.415455734335606,C0011860
MIR606,HP:0005978,Type ii diabetes,0.4150270666192402,C0011860
MIR6503-MS4A4A,HP:0002511,Alzheimer's disease,0.483088914336945,C0002395
MIR653,HP:0005978,Type ii diabetes,0.4107688000210345,C0011860
MIR6821,HP:0005978,Type ii diabetes,0.4223285337780491,C0011860
MIR6843,HP:0002511,Alzheimer's disease,0.514136277747531,C0002395
MME,HP:0002511,Alzheimer's disease,0.4267949393737283,C0002395
MOB1B,HP:0005978,Type ii diabetes,0.4204442671746135,C0011860
MRPS33,HP:0005978,Type ii diabetes,0.4101937590457084,C0011860
MS4A6A,HP:0002511,Alzheimer's disease,0.483088914336945,C0002395
MTNR1B,HP:0005978,Type ii diabetes,0.4389774671091434,C0011860
MYBPC3,HP:0002511,Alzheimer's disease,0.4401250788096367,C0002395
MYL7,HP:0005978,Type ii diabetes,0.4134330664655676,C0011860
MYO5C,HP:0005978,Type ii diabetes,0.4116920539256686,C0011860
Metazoa_SRP,HP:0002511,Alzheimer's disease,0.4299813955595544,C0002395
NADK2,HP:0005978,Type ii diabetes,0.4098759200029366,C0011860
NBEAL2,HP:0005978,Type ii diabetes,0.4103641864717764,C0011860
NCR3LG1,HP:0005978,Type ii diabetes,0.4343584008711275,C0011860
NDUFAF6,HP:0002511,Alzheimer's disease,0.4304119445225511,C0002395
NDUFAF6,HP:0005978,Type ii diabetes,0.4111232932461767,C0011860
NDUFS2,HP:0002511,Alzheimer's disease,0.4276791909926001,C0002395
NDUFS2-FCER1G,HP:0002511,Alzheimer's disease,0.4276791909926001,C0002395
NECTIN2,HP:0002511,Alzheimer's disease,0.8,C0002395
NECTIN2-TOMM40,HP:0002511,Alzheimer's disease,0.8,C0002395
NEDD1-RMST,HP:0005978,Type ii diabetes,0.4109948132041724,C0011860
NKX1-1-FAM53A,HP:0005978,Type ii diabetes,0.4255076002760132,C0011860
NKX6-3,HP:0005978,Type ii diabetes,0.4350398670147529,C0011860
NKX6-3-ANK1,HP:0005978,Type ii diabetes,0.4350398670147529,C0011860
NLRC3,HP:0005978,Type ii diabetes,0.4114064798862995,C0011860
NOTCH2,HP:0005978,Type ii diabetes,0.4132518945375918,C0011860
NPIPB12,HP:0002511,Alzheimer's disease,0.4396062422421477,C0002395
NPIPB14P,HP:0005978,Type ii diabetes,0.41041738778771,C0011860
NRBF2,HP:0005978,Type ii diabetes,0.4163767999670414,C0011860
NRBP1,HP:0005978,Type ii diabetes,0.4279936021258202,C0011860
NRXN3,HP:0005978,Type ii diabetes,0.4103816258070461,C0011860
NSF,HP:0002511,Alzheimer's disease,0.4299813955595544,C0002395
NUCB2,HP:0005978,Type ii diabetes,0.4343584008711275,C0011860
NUDT6,HP:0005978,Type ii diabetes,0.4102575340485656,C0011860
NUP133,HP:0005978,Type ii diabetes,0.4137295999379561,C0011860
NUS1,HP:0005978,Type ii diabetes,0.4161609332394998,C0011860
NYAP1,HP:0002511,Alzheimer's disease,0.4617397645561313,C0002395
NYNRIN,HP:0005978,Type ii diabetes,0.4119902387294363,C0011860
OASL,HP:0005978,Type ii diabetes,0.4182722664971589,C0011860
OASL-P2RX7,HP:0005978,Type ii diabetes,0.4122523066516875,C0011860
OXCT2P1,HP:0005978,Type ii diabetes,0.4174878666003817,C0011860
PABPC1,HP:0002511,Alzheimer's disease,0.4270715779905416,C0002395
PABPC4,HP:0005978,Type ii diabetes,0.4174878666003817,C0011860
PABPC4-AS1,HP:0005978,Type ii diabetes,0.4174878666003817,C0011860
PALM2,HP:0002511,Alzheimer's disease,0.4268990192113887,C0002395
PAM,HP:0005978,Type ii diabetes,0.4226109344634031,C0011860
PELATON,HP:0005978,Type ii diabetes,0.4111525596720293,C0011860
PEPD,HP:0005978,Type ii diabetes,0.4208538663269016,C0011860
PGM1,HP:0005978,Type ii diabetes,0.4123563731170058,C0011860
PICALM-EED,HP:0002511,Alzheimer's disease,0.5229774563856189,C0002395
PILRA,HP:0002511,Alzheimer's disease,0.4617397645561313,C0002395
PILRB,HP:0002511,Alzheimer's disease,0.4617397645561313,C0002395
PIM3,HP:0005978,Type ii diabetes,0.4223285337780491,C0011860
PINX1,HP:0005978,Type ii diabetes,0.4122686536395533,C0011860
PITPNC1,HP:0005978,Type ii diabetes,0.4103686651563516,C0011860
PLCB2-INAFM2,HP:0005978,Type ii diabetes,0.4263456016385102,C0011860
PLCG2,HP:0002511,Alzheimer's disease,0.4269012893593233,C0002395
PLEKHH2,HP:0005978,Type ii diabetes,0.4360360001913705,C0011860
PMAIP1-MC4R,HP:0005978,Type ii diabetes,0.4350905334279057,C0011860
PMS2P1,HP:0002511,Alzheimer's disease,0.4617397645561313,C0002395
POLD2-MYL7,HP:0005978,Type ii diabetes,0.4134330664655676,C0011860
POLR2J2-FAM185A,HP:0005978,Type ii diabetes,0.4139904001485556,C0011860
POLR2J3,HP:0005978,Type ii diabetes,0.4139904001485556,C0011860
POU5F1,HP:0005978,Type ii diabetes,0.4156021318830229,C0011860
PPARG,HP:0005978,Type ii diabetes,0.4317146654360477,C0011860
PPIP5K2,HP:0005978,Type ii diabetes,0.4226109344634031,C0011860
PPM1G,HP:0005978,Type ii diabetes,0.4279936021258202,C0011860
PPOX,HP:0002511,Alzheimer's disease,0.4276791909926001,C0002395
PPP1R16A,HP:0005978,Type ii diabetes,0.4103880250647842,C0011860
PRC1,HP:0005978,Type ii diabetes,0.4292990679859094,C0011860
PRC1-AS1,HP:0005978,Type ii diabetes,0.4292990679859094,C0011860
PRIMPOL,HP:0005978,Type ii diabetes,0.4142811994253209,C0011860
PROX1,HP:0005978,Type ii diabetes,0.4227671996864717,C0011860
PROX1-AS1,HP:0005978,Type ii diabetes,0.4227671996864717,C0011860
PRSS3,HP:0005978,Type ii diabetes,0.411821948122173,C0011860
PRSS45,HP:0005978,Type ii diabetes,0.4103641864717764,C0011860
PRXL2A,HP:0002511,Alzheimer's disease,0.4484823646729492,C0002395
PSMD6-AS1,HP:0005978,Type ii diabetes,0.4105309993202575,C0011860
PSORS1C3,HP:0005978,Type ii diabetes,0.4156021318830229,C0011860
PTCH1,HP:0005978,Type ii diabetes,0.4099392672522673,C0011860
PTGFRN,HP:0005978,Type ii diabetes,0.4101428410263247,C0011860
PTH1R,HP:0005978,Type ii diabetes,0.4103641864717764,C0011860
PTK2B,HP:0002511,Alzheimer's disease,0.4459524670716628,C0002395
PTPDC1-MIRLET7A1,HP:0005978,Type ii diabetes,0.4105852278709252,C0011860
PTPRR-TSPAN8,HP:0005978,Type ii diabetes,0.413744800267868,C0011860
PURG,HP:0005978,Type ii diabetes,0.4114046129685281,C0011860
PVRIG,HP:0002511,Alzheimer's disease,0.4617397645561313,C0002395
RABEP1,HP:0002511,Alzheimer's disease,0.4425599415739972,C0002395
RAI1,HP:0005978,Type ii diabetes,0.4116866391578926,C0011860
RALY,HP:0005978,Type ii diabetes,0.4104272681082164,C0011860
RALY-EIF2S2,HP:0005978,Type ii diabetes,0.4104272681082164,C0011860
RASA4B,HP:0005978,Type ii diabetes,0.4139904001485556,C0011860
RASA4DP,HP:0005978,Type ii diabetes,0.4139904001485556,C0011860
RASGEF1C,HP:0002511,Alzheimer's disease,0.4400782623131279,C0002395
RASGRP1,HP:0005978,Type ii diabetes,0.4182493335011975,C0011860
RBMS1,HP:0005978,Type ii diabetes,0.4144756012939842,C0011860
RCCD1,HP:0005978,Type ii diabetes,0.4292990679859094,C0011860
RCOR1-TRAF3,HP:0005978,Type ii diabetes,0.4104334284126923,C0011860
RELN,HP:0005978,Type ii diabetes,0.4104357477558259,C0011860
RGS11,HP:0005978,Type ii diabetes,0.4120425865028109,C0011860
RNF6,HP:0005978,Type ii diabetes,0.427695466188396,C0011860
RORA-VPS13C,HP:0005978,Type ii diabetes,0.4173676002798897,C0011860
RP1-229K20.8,HP:0002511,Alzheimer's disease,0.4376014744750701,C0002395
RP1-229K20.9,HP:0002511,Alzheimer's disease,0.4376014744750701,C0002395
RP1-239B22.5,HP:0005978,Type ii diabetes,0.4343584008711275,C0011860
RP1-253P7.4,HP:0005978,Type ii diabetes,0.4116866391578926,C0011860
RP11-10L12.1,HP:0005978,Type ii diabetes,0.4122784937290117,C0011860
RP11-170N16.3,HP:0005978,Type ii diabetes,0.4102575340485656,C0011860
RP11-186N15.3,HP:0005978,Type ii diabetes,0.4813468001361242,C0011860
RP11-259G18.1,HP:0002511,Alzheimer's disease,0.4299813955595544,C0002395
RP11-259G18.3,HP:0002511,Alzheimer's disease,0.4299813955595544,C0002395
RP11-347C12.12,HP:0002511,Alzheimer's disease,0.4396062422421477,C0002395
RP11-384P7.7,HP:0005978,Type ii diabetes,0.411821948122173,C0011860
RP11-392O17.1,HP:0005978,Type ii diabetes,0.4158471986968912,C0011860
RP11-395N3.2,HP:0005978,Type ii diabetes,0.4442321336623559,C0011860
RP11-419C23.1,HP:0005978,Type ii diabetes,0.4121657332335745,C0011860
RP11-455F5.3,HP:0002511,Alzheimer's disease,0.4396062422421477,C0002395
RP11-455F5.4,HP:0002511,Alzheimer's disease,0.4396062422421477,C0002395
RP11-478J18.2,HP:0005978,Type ii diabetes,0.4227671996864717,C0011860
RP11-493E3.1,HP:0005978,Type ii diabetes,0.4161022666851328,C0011860
RP11-514P8.10,HP:0005978,Type ii diabetes,0.4139904001485556,C0011860
RP11-51F16.1,HP:0005978,Type ii diabetes,0.4098713460893355,C0011860
RP11-669E14.4,HP:0002511,Alzheimer's disease,0.4299813955595544,C0002395
RP11-69E11.4,HP:0005978,Type ii diabetes,0.4174878666003817,C0011860
RP11-731F5.2,HP:0002511,Alzheimer's disease,0.433090497534298,C0002395
RP11-817O13.8,HP:0005978,Type ii diabetes,0.4115613455260674,C0011860
RP11-960L18.1,HP:0002511,Alzheimer's disease,0.4407249720063306,C0002395
RP11-993B23.3,HP:0005978,Type ii diabetes,0.4269090664640097,C0011860
RP1L1,HP:0005978,Type ii diabetes,0.4122686536395533,C0011860
RP5-1042I8.7,HP:0005978,Type ii diabetes,0.4132518945375918,C0011860
RP5-1125A11.6,HP:0005978,Type ii diabetes,0.4104272681082164,C0011860
RP5-1125A11.7,HP:0005978,Type ii diabetes,0.4104272681082164,C0011860
RP5-1142J19.1,HP:0005978,Type ii diabetes,0.4106877201134778,C0011860
RPL22L1,HP:0005978,Type ii diabetes,0.414659198838862,C0011860
RPL8,HP:0005978,Type ii diabetes,0.4103880250647842,C0011860
RPSAP52,HP:0005978,Type ii diabetes,0.4213829331983686,C0011860
RREB1,HP:0005978,Type ii diabetes,0.418209866252779,C0011860
RUFY3,HP:0005978,Type ii diabetes,0.4204442671746135,C0011860
SAMM50,HP:0005978,Type ii diabetes,0.4126318941353504,C0011860
SATB1-AS1,HP:0005978,Type ii diabetes,0.4618867800028817,C0011860
SCAANT1,HP:0005978,Type ii diabetes,0.441095464877955,C0011860
SCAP,HP:0005978,Type ii diabetes,0.4103641864717764,C0011860
SCD5,HP:0005978,Type ii diabetes,0.4124512937507665,C0011860
SCIMP,HP:0002511,Alzheimer's disease,0.4425599415739972,C0002395
SETD2,HP:0005978,Type ii diabetes,0.4103641864717764,C0011860
SHARPIN,HP:0002511,Alzheimer's disease,0.4402927842173367,C0002395
SHOC2-ADRA2A,HP:0005978,Type ii diabetes,0.4114473729635559,C0011860
SINHCAF,HP:0005978,Type ii diabetes,0.4245206660032498,C0011860
SIX3,HP:0005978,Type ii diabetes,0.4183163997284951,C0011860
SIX3-AS1,HP:0005978,Type ii diabetes,0.4183163997284951,C0011860
SIX3-SIX2,HP:0005978,Type ii diabetes,0.4183163997284951,C0011860
SKP2,HP:0005978,Type ii diabetes,0.4098759200029366,C0011860
SKP2-NADK2,HP:0005978,Type ii diabetes,0.4098759200029366,C0011860
SLC16A11-CLEC10A,HP:0005978,Type ii diabetes,0.4307285336523182,C0011860
SLC22A2-SLC22A3,HP:0005978,Type ii diabetes,0.4126727870306353,C0011860
SLC22A3,HP:0005978,Type ii diabetes,0.4126727870306353,C0011860
SLC24A4,HP:0002511,Alzheimer's disease,0.4512987469407705,C0002395
SLC26A1,HP:0002511,Alzheimer's disease,0.4324854699627097,C0002395
SLC2A2-TNIK,HP:0005978,Type ii diabetes,0.4101970925494542,C0011860
SLC30A8,HP:0005978,Type ii diabetes,0.4885718673856557,C0011860
SLC30A8-MED30,HP:0005978,Type ii diabetes,0.4670402035062194,C0011860
SLC35D3-NHEG1,HP:0005978,Type ii diabetes,0.4172979992281941,C0011860
SLC38A11,HP:0005978,Type ii diabetes,0.428902000522091,C0011860
SLC9B2,HP:0005978,Type ii diabetes,0.4122784937290117,C0011860
SLED1,HP:0005978,Type ii diabetes,0.4142811994253209,C0011860
SLX4,HP:0005978,Type ii diabetes,0.4114064798862995,C0011860
SMARCD2,HP:0005978,Type ii diabetes,0.4098713460893355,C0011860
SMG1P5,HP:0002511,Alzheimer's disease,0.4396062422421477,C0002395
SNAPC2,HP:0005978,Type ii diabetes,0.4120118799933541,C0011860
SNAPC4,HP:0005978,Type ii diabetes,0.4166874673305948,C0011860
SND1-MIR129-1,HP:0005978,Type ii diabetes,0.4730688018235534,C0011860
SNF8,HP:0005978,Type ii diabetes,0.4170920001402595,C0011860
SNUPN,HP:0005978,Type ii diabetes,0.4115613455260674,C0011860
SNX17,HP:0005978,Type ii diabetes,0.4279936021258202,C0011860
SNX31,HP:0002511,Alzheimer's disease,0.4270715779905416,C0002395
SNX31-PABPC1,HP:0002511,Alzheimer's disease,0.4270715779905416,C0002395
SOCS2-CRADD,HP:0005978,Type ii diabetes,0.4099012931871899,C0011860
SORL1,HP:0002511,Alzheimer's disease,0.4488988275531529,C0002395
SOX7,HP:0005978,Type ii diabetes,0.4122686536395533,C0011860
SPATA18-USP46,HP:0005978,Type ii diabetes,0.410140492979705,C0011860
SPHKAP,HP:0005978,Type ii diabetes,0.4100716939859572,C0011860
SPI1-MIR4487,HP:0002511,Alzheimer's disease,0.4401250788096367,C0002395
SPRED2-MIR4778,HP:0005978,Type ii diabetes,0.4123523198219668,C0011860
SREBF1,HP:0005978,Type ii diabetes,0.4116866391578926,C0011860
SSR1,HP:0005978,Type ii diabetes,0.4139680000693532,C0011860
ST6GAL1,HP:0005978,Type ii diabetes,0.4113418663513276,C0011860
STAG3,HP:0002511,Alzheimer's disease,0.4617397645561313,C0002395
STAG3L5P,HP:0002511,Alzheimer's disease,0.4617397645561313,C0002395
STAG3L5P-PVRIG2P-PILRB,HP:0002511,Alzheimer's disease,0.4617397645561313,C0002395
STARD10,HP:0005978,Type ii diabetes,0.4270174668897085,C0011860
STAT3,HP:0005978,Type ii diabetes,0.4115232667909588,C0011860
STAT3-PTRF,HP:0005978,Type ii diabetes,0.4115232667909588,C0011860
STEAP1,HP:0005978,Type ii diabetes,0.419756001046298,C0011860
STEAP2,HP:0005978,Type ii diabetes,0.419756001046298,C0011860
STEAP2-AS1,HP:0005978,Type ii diabetes,0.419756001046298,C0011860
STRADA,HP:0005978,Type ii diabetes,0.4098713460893355,C0011860
STYX,HP:0002511,Alzheimer's disease,0.4322661967988637,C0002395
SUGP1,HP:0005978,Type ii diabetes,0.4151785328016277,C0011860
SUMO2P17,HP:0005978,Type ii diabetes,0.4170920001402595,C0011860
SYN2,HP:0005978,Type ii diabetes,0.4317146654360477,C0011860
TACC3-FGFR3,HP:0005978,Type ii diabetes,0.4207122658872591,C0011860
TACO1,HP:0005978,Type ii diabetes,0.4098713460893355,C0011860
TACO1-MAP3K3,HP:0005978,Type ii diabetes,0.4098713460893355,C0011860
TBX6,HP:0002511,Alzheimer's disease,0.4396062422421477,C0002395
TCAM1P,HP:0005978,Type ii diabetes,0.4098713460893355,C0011860
TCF7L2,HP:0005978,Type ii diabetes,0.8,C0011860
TFAP2B,HP:0005978,Type ii diabetes,0.4135891997465823,C0011860
TFAP2B-PKHD1,HP:0005978,Type ii diabetes,0.4135891997465823,C0011860
TFRC-LINC00885,HP:0005978,Type ii diabetes,0.4117477206805569,C0011860
TGFBR3L,HP:0005978,Type ii diabetes,0.4120118799933541,C0011860
TH,HP:0005978,Type ii diabetes,0.4105477355109265,C0011860
THADA,HP:0005978,Type ii diabetes,0.4360360001913705,C0011860
TIMM44,HP:0005978,Type ii diabetes,0.4120118799933541,C0011860
TLCD3B,HP:0002511,Alzheimer's disease,0.4396062422421477,C0002395
TLE1,HP:0005978,Type ii diabetes,0.4371258664290119,C0011860
TOM1L2,HP:0005978,Type ii diabetes,0.4116866391578926,C0011860
TOMM40,HP:0002511,Alzheimer's disease,0.8,C0002395
TP53INP1,HP:0002511,Alzheimer's disease,0.4304119445225511,C0002395
TP53INP1,HP:0005978,Type ii diabetes,0.4111232932461767,C0011860
TP53INP1-NDUFAF6,HP:0002511,Alzheimer's disease,0.4304119445225511,C0002395
TRAP1,HP:0005978,Type ii diabetes,0.4114064798862995,C0011860
TREM1,HP:0002511,Alzheimer's disease,0.4376014744750701,C0002395
TREM2,HP:0002511,Alzheimer's disease,0.4636554360287377,C0002395
TREML3P,HP:0002511,Alzheimer's disease,0.4376014744750701,C0002395
TREML4,HP:0002511,Alzheimer's disease,0.4376014744750701,C0002395
TREML5P,HP:0002511,Alzheimer's disease,0.4376014744750701,C0002395
TRIB1-LINC00861,HP:0005978,Type ii diabetes,0.411208213785225,C0011860
TRIM37,HP:0002511,Alzheimer's disease,0.4258072254585291,C0002395
TSPAN14,HP:0002511,Alzheimer's disease,0.4484823646729492,C0002395
TSPAN3,HP:0005978,Type ii diabetes,0.4343865346098093,C0011860
TSPAN8,HP:0005978,Type ii diabetes,0.413744800267868,C0011860
TSPOAP1,HP:0002511,Alzheimer's disease,0.4258072254585291,C0002395
TSPOAP1-AS1,HP:0002511,Alzheimer's disease,0.4258072254585291,C0002395
TTLL6,HP:0005978,Type ii diabetes,0.4170920001402595,C0011860
UBAP2,HP:0005978,Type ii diabetes,0.411821948122173,C0011860
UBE2D3,HP:0005978,Type ii diabetes,0.4122784937290117,C0011860
UBE2E2,HP:0005978,Type ii diabetes,0.4487594677287141,C0011860
UBE2Z,HP:0005978,Type ii diabetes,0.4170920001402595,C0011860
UBE3C,HP:0005978,Type ii diabetes,0.4157033325726225,C0011860
UPF2-DHTKD1,HP:0005978,Type ii diabetes,0.4106586160600036,C0011860
UPK3BL1,HP:0005978,Type ii diabetes,0.4139904001485556,C0011860
USP3,HP:0005978,Type ii diabetes,0.4126488673773056,C0011860
USP3-AS1,HP:0005978,Type ii diabetes,0.4126488673773056,C0011860
USP6NL-ECHDC3,HP:0002511,Alzheimer's disease,0.4403284202030427,C0002395
VAV3,HP:0005978,Type ii diabetes,0.4100260135160995,C0011860
VEGFA-LINC01512,HP:0005978,Type ii diabetes,0.4132630798730803,C0011860
VPS13C,HP:0005978,Type ii diabetes,0.4173676002798897,C0011860
VPS33B,HP:0005978,Type ii diabetes,0.4292990679859094,C0011860
WDR11-FGFR2,HP:0005978,Type ii diabetes,0.4217031997365335,C0011860
WDR18,HP:0002511,Alzheimer's disease,0.5026785573409993,C0002395
WDR97,HP:0002511,Alzheimer's disease,0.4402927842173367,C0002395
WFS1,HP:0005978,Type ii diabetes,0.4443445335341266,C0011860
WNT3,HP:0002511,Alzheimer's disease,0.4299813955595544,C0002395
WSCD2,HP:0005978,Type ii diabetes,0.4148133334203352,C0011860
XXbac-BPG299F13.17,HP:0005978,Type ii diabetes,0.4156021318830229,C0011860
YKT6,HP:0005978,Type ii diabetes,0.4111621467307754,C0011860
YPEL3,HP:0002511,Alzheimer's disease,0.4396062422421477,C0002395
YTHDC2,HP:0005978,Type ii diabetes,0.4097638005227604,C0011860
ZBED3-AS1,HP:0005978,Type ii diabetes,0.4159002642430811,C0011860
ZBTB20-GAP43,HP:0005978,Type ii diabetes,0.4139037334658088,C0011860
ZFHX3-HCCAT5,HP:0005978,Type ii diabetes,0.4152907996883632,C0011860
ZMIZ1,HP:0005978,Type ii diabetes,0.4242453334873048,C0011860
ZNF232,HP:0002511,Alzheimer's disease,0.4425599415739972,C0002395
ZNF257,HP:0005978,Type ii diabetes,0.4164097336261301,C0011860
ZNF257-ZNF676,HP:0005978,Type ii diabetes,0.4164097336261301,C0011860
ZNF34,HP:0005978,Type ii diabetes,0.4103880250647842,C0011860
ZNF517,HP:0005978,Type ii diabetes,0.4103880250647842,C0011860
ZNF594-DT,HP:0002511,Alzheimer's disease,0.4425599415739972,C0002395
ZNF664,HP:0005978,Type ii diabetes,0.4162229332695047,C0011860
ZNF664-FAM101A,HP:0005978,Type ii diabetes,0.4162229332695047,C0011860
ZNF7,HP:0005978,Type ii diabetes,0.4103880250647842,C0011860
ZNF703,HP:0005978,Type ii diabetes,0.4121657332335745,C0011860
ZZEF1,HP:0005978,Type ii diabetes,0.4178073338100662,C0011860
