rsid,eaf,target_ancestry,target_phenotype
rs7903146,0.291585,EUR,HP:0005978
rs7756992,0.266896,EUR,HP:0005978
rs10811661,0.173605,EUR,HP:0005978
rs6767484,0.312261,EUR,HP:0005978
rs3802177,0.311281,EUR,HP:0005978
rs9928094,0.42602,EUR,HP:0005978
rs849135,0.499052,EUR,HP:0005978
rs1111875,0.408262,EUR,HP:0005978
rs1801214,0.599585,EUR,HP:0005978
rs2943656,0.635133,EUR,HP:0005978
rs10830963,0.275768,EUR,HP:0005978
rs11708067,0.23899,EUR,HP:0005978
rs7607777,0.105906,EUR,HP:0005978
rs1552224,0.15421,EUR,HP:0005978
rs1899951,0.123288,EUR,HP:0005978
rs1359790,0.2867,EUR,HP:0005978
rs2796441,0.416458,EUR,HP:0005978
rs13389219,0.394368,EUR,HP:0005978
rs516946,0.760633,EUR,HP:0005978
rs780094,0.612845,EUR,HP:0005978
rs5215,0.639941,EUR,HP:0005978
rs6960043,0.521837,EUR,HP:0005978
rs1063355,0.602436,EUR,HP:0005978
rs72802358,0.101594,EUR,HP:0005978
rs1496653,0.204782,EUR,HP:0005978
rs340874,0.563904,EUR,HP:0005978
rs459193,0.745338,EUR,HP:0005978
rs7729395,0.0509409,EUR,HP:0005978
rs11257655,0.206773,EUR,HP:0005978
rs2261181,0.09647,EUR,HP:0005978
rs10842994,0.197025,EUR,HP:0005978
rs7177055,0.718289,EUR,HP:0005978
rs8108269,0.281015,EUR,HP:0005978
rs17168486,0.173603,EUR,HP:0005978
rs243019,0.455831,EUR,HP:0005978
rs10974438,0.351215,EUR,HP:0005978
rs6795735,0.410912,EUR,HP:0005978
rs61953351,0.249902,EUR,HP:0005978
rs8068804,0.325097,EUR,HP:0005978
rs13234269,0.492515,EUR,HP:0005978
rs2296173,0.212011,EUR,HP:0005978
rs9894220,0.43374,EUR,HP:0005978
rs825476,0.580549,EUR,HP:0005978
rs3217992,0.369901,EUR,HP:0005978
rs6878122,0.681791,EUR,HP:0005978
rs2820426,0.610058,EUR,HP:0005978
rs12910825,0.360391,EUR,HP:0005978
rs10401969,0.0765858,EUR,HP:0005978
rs17791513,0.0605985,EUR,HP:0005978
rs12970134,0.26512,EUR,HP:0005978
rs853974,0.737586,EUR,HP:0005978
rs2925979,0.70085,EUR,HP:0005978
rs12088739,0.0898481,EUR,HP:0005978
rs4865796,0.69309,EUR,HP:0005978
rs7572970,0.722047,EUR,HP:0005978
rs576674,0.832515,EUR,HP:0005978
rs735949,0.14115,EUR,HP:0005978
rs753270,0.583535,EUR,HP:0005978
rs12617659,0.147238,EUR,HP:0005978
rs1050226,0.406792,EUR,HP:0005978
rs4686471,0.609775,EUR,HP:0005978
rs72892910,0.172394,EUR,HP:0005978
rs9844972,0.0697229,EUR,HP:0005978
rs9369425,0.708185,EUR,HP:0005978
rs2493394,0.107338,EUR,HP:0005978
rs12299509,0.478622,EUR,HP:0005978
rs7685296,0.279365,EUR,HP:0005978
rs13239186,0.302029,EUR,HP:0005978
rs622217,0.483932,EUR,HP:0005978
rs2058913,0.565008,EUR,HP:0005978
rs4823182,0.335748,EUR,HP:0005978
rs2867125,0.827825,EUR,HP:0005978
rs993380,0.66555,EUR,HP:0005978
rs67232546,0.209222,EUR,HP:0005978
rs840967,0.605922,EUR,HP:0005978
rs7674212,0.408864,EUR,HP:0005978
rs10100265,0.61049,EUR,HP:0005978
rs7955901,0.556668,EUR,HP:0005978
rs2237892,0.0624896,EUR,HP:0005978
rs9940149,0.178556,EUR,HP:0005978
rs2246618,0.307253,EUR,HP:0005978
rs1758632,0.623407,EUR,HP:0005978
rs12945601,0.613603,EUR,HP:0005978
rs348330,0.633451,EUR,HP:0005978
rs7929543,0.0831599,EUR,HP:0005978
rs55966194,0.281312,EUR,HP:0005978
rs17405722,0.0741526,EUR,HP:0005978
rs10087241,0.594893,EUR,HP:0005978
rs1061813,0.537119,EUR,HP:0005978
rs2908282,0.177395,EUR,HP:0005978
rs7845219,0.492786,EUR,HP:0005978
rs16988333,0.0904035,EUR,HP:0005978
rs7786095,0.10386,EUR,HP:0005978
rs10114341,0.440754,EUR,HP:0005978
rs6785040,0.15066,EUR,HP:0005978
rs2299383,0.423455,EUR,HP:0005978
rs6059662,0.663176,EUR,HP:0005978
rs13330951,0.488314,EUR,HP:0005978
rs2294120,0.455879,EUR,HP:0005978
rs7144011,0.221063,EUR,HP:0005978
rs6494307,0.426225,EUR,HP:0005978
rs11926707,0.625556,EUR,HP:0005978
rs11098676,0.787639,EUR,HP:0005978
rs10740322,0.687104,EUR,HP:0005978
rs7240767,0.383677,EUR,HP:0005978
rs963740,0.294299,EUR,HP:0005978
rs11925227,0.183439,EUR,HP:0005978
rs4812829,0.160871,EUR,HP:0005978
rs1127655,0.529064,EUR,HP:0005978
rs17086692,0.313426,EUR,HP:0005978
rs3756784,0.185838,EUR,HP:0005978
rs7561798,0.482171,EUR,HP:0005978
rs4622883,0.508544,EUR,HP:0005978
rs17411031,0.261729,EUR,HP:0005978
rs6515236,0.24933,EUR,HP:0005978
rs11107116,0.219714,EUR,HP:0005978
rs17631783,0.26346,EUR,HP:0005978
rs10077431,0.214668,EUR,HP:0005978
rs7903146,0.3095,SAS,HP:0005978
rs34782298,0.4282,SAS,HP:0005978
rs10811661,0.1372,SAS,HP:0005978
rs7766070,0.2663,SAS,HP:0005978
rs6103716,0.3806,SAS,HP:0005978
rs10786053,0.5423,SAS,HP:0005978
rs2877716,0.7738,SAS,HP:0005978
rs35859536,0.2369,SAS,HP:0005978
rs234866,0.3086,SAS,HP:0005978
rs7100710,0.7478,SAS,HP:0005978
rs4973727,0.2681,SAS,HP:0005978
rs2237897,0.3679,EAS,HP:0005978
rs9350271,0.4225,EAS,HP:0005978
rs10965248,0.437,EAS,HP:0005978
rs35906730,0.7355,EAS,HP:0005978
rs13266634,0.4143,EAS,HP:0005978
rs13092876,0.3122,EAS,HP:0005978
rs7901695,0.0382,EAS,HP:0005978
rs11257657,0.4832,EAS,HP:0005978
rs7501939,0.7023,EAS,HP:0005978
rs35589574,0.1121,EAS,HP:0005978
rs1421085,0.1668,EAS,HP:0005978
rs16884229,0.3345,EAS,HP:0005978
rs7656416,0.3167,EAS,HP:0005978
rs11926494,0.18,EAS,HP:0005978
rs8037894,0.4144,EAS,HP:0005978
rs7507912,0.2633,EAS,HP:0005978
rs17072370,0.2787,EAS,HP:0005978
rs9870576,0.3521,EAS,HP:0005978
rs256904,0.4923,EAS,HP:0005978
rs2796441,0.6103,EAS,HP:0005978
rs10011838,0.507,EAS,HP:0005978
rs4237150,0.4262,EAS,HP:0005978
rs476828,0.243,EAS,HP:0005978
rs4736999,0.4525,EAS,HP:0005978
rs952471,0.3949,EAS,HP:0005978
rs4148646,0.6154,EAS,HP:0005978
rs376993806,0.8821,EAS,HP:0005978
rs58718028,0.3409,EAS,HP:0005978
rs11374208,0.9591,EAS,HP:0005978
rs3852529,0.164,EAS,HP:0005978
rs2289488,0.3147,EAS,HP:0005978
rs7895832,0.177,EAS,HP:0005978
rs186568031,0.0942,EAS,HP:0005978
rs10795946,0.2264,EAS,HP:0005978
rs8026714,0.486,EAS,HP:0005978
rs742762,0.2882,EAS,HP:0005978
rs12698877,0.3362,EAS,HP:0005978
rs17168486,0.4181,EAS,HP:0005978
rs1260326,0.4562,EAS,HP:0005978
rs10507349,0.434,EAS,HP:0005978
rs12625671,0.442,EAS,HP:0005978
rs7109575,0.0552,EAS,HP:0005978
rs3751236,0.3283,EAS,HP:0005978
rs12907887,0.229,EAS,HP:0005978
rs62286764,0.6477,EAS,HP:0005978
rs10950550,0.3168,EAS,HP:0005978
rs3735641,0.7395,EAS,HP:0005978
rs4930974,0.2693,EAS,HP:0005978
rs703980,0.4334,EAS,HP:0005978
rs9368194,0.5343,EAS,HP:0005978
rs9523295,0.1676,EAS,HP:0005978
rs28691713,0.4448,EAS,HP:0005978
rs6731688,0.908,EAS,HP:0005978
rs117267808,0.0782,EAS,HP:0005978
rs10886863,0.6641,EAS,HP:0005978
rs3869115,0.1681,EAS,HP:0005978
rs7250869,0.4663,EAS,HP:0005978
rs35503308,0.7264,EAS,HP:0005978
rs28599782,0.209,EAS,HP:0005978
rs55783344,0.1838,EAS,HP:0005978
rs2583934,0.3396,EAS,HP:0005978
rs2780215,0.1082,EAS,HP:0005978
rs39233,0.2231,EAS,HP:0005978
rs111246699,0.2572,EAS,HP:0005978
rs243018,0.6656,EAS,HP:0005978
rs4544248,0.0777,EAS,HP:0005978
rs7787720,0.4209,EAS,HP:0005978
rs4403739,0.9714,EAS,HP:0005978
rs1575972,0.0483,EAS,HP:0005978
rs11205766,0.0969,EAS,HP:0005978
rs12712928,0.4022,EAS,HP:0005978
rs8043085,0.4493,EAS,HP:0005978
rs9379084,0.2014,EAS,HP:0005978
rs410504,0.9555,EAS,HP:0005978
rs9788635,0.2437,EAS,HP:0005978
rs2327777,0.5492,EAS,HP:0005978
rs3094508,0.2441,EAS,HP:0005978
rs57373996,0.0483,EAS,HP:0005978
rs76878791,0.3219,EAS,HP:0005978
rs7107784,0.9055,EAS,HP:0005978
rs4078098,0.0312,EAS,HP:0005978
rs62112368,0.0625,EAS,HP:0005978
rs16918226,0.2059,EAS,HP:0005978
rs80196932,0.2141,EAS,HP:0005978
rs10852123,0.799,EAS,HP:0005978
rs7304270,0.2386,EAS,HP:0005978
rs3135911,0.4324,EAS,HP:0005978
rs1182444,0.4947,EAS,HP:0005978
rs9461650,0.208,EAS,HP:0005978
rs4273712,0.4688,EAS,HP:0005978
rs3735567,0.2224,EAS,HP:0005978
rs6416749,0.6254,EAS,HP:0005978
rs7900112,0.5141,EAS,HP:0005978
rs532504,0.2133,EAS,HP:0005978
rs1426371,0.5089,EAS,HP:0005978
rs201018682,0.1838,EAS,HP:0005978
rs73856630,0.3338,EAS,HP:0005978
rs340875,0.537,EAS,HP:0005978
rs4739515,0.4617,EAS,HP:0005978
rs838720,0.4045,EAS,HP:0005978
rs59317019,0.2932,EAS,HP:0005978
rs1513275,0.7836,EAS,HP:0005978
rs75990271,0.1848,EAS,HP:0005978
rs3963364,0.05,EAS,HP:0005978
rs1459513,0.6093,EAS,HP:0005978
rs7313668,0.3742,EAS,HP:0005978
rs238763,0.3217,EAS,HP:0005978
rs61779313,0.1506,EAS,HP:0005978
rs1328412,0.0552,EAS,HP:0005978
rs73347525,0.2444,EAS,HP:0005978
rs58524310,0.3268,EAS,HP:0005978
rs2908279,0.627,EAS,HP:0005978
rs2092518,0.3388,EAS,HP:0005978
rs988748,0.5648,EAS,HP:0005978
rs123378,0.8049,EAS,HP:0005978
rs12818766,0.2787,EAS,HP:0005978
rs72874858,0.1108,EAS,HP:0005978
rs10938398,0.2921,EAS,HP:0005978
rs60573766,0.3653,EAS,HP:0005978
rs2269245,0.1847,EAS,HP:0005978
rs149265787,0.0239,EAS,HP:0005978
rs1266488,0.4125,EAS,HP:0005978
rs147707338,0.0695,EAS,HP:0005978
rs62173901,0.0313,EAS,HP:0005978
rs4286946,0.3521,EAS,HP:0005978
rs9948462,0.7048,EAS,HP:0005978
rs475002,0.5184,EAS,HP:0005978
rs12437434,0.2873,EAS,HP:0005978
rs1850421,0.7223,EAS,HP:0005978
rs4499362,0.361,EAS,HP:0005978
rs9866168,0.6394,EAS,HP:0005978
rs34642578,0.0533,EAS,HP:0005978
rs73085586,0.3563,EAS,HP:0005978
rs149336329,0.0506,EAS,HP:0005978
rs61975988,0.5431,EAS,HP:0005978
rs12610052,0.3068,EAS,HP:0005978
rs35917376,0.6207,EAS,HP:0005978
rs3837848,0.3491,EAS,HP:0005978
rs146716733,0.1317,EAS,HP:0005978
rs6885132,0.444,EAS,HP:0005978
rs7090695,0.5569,EAS,HP:0005978
rs2240885,0.4027,EAS,HP:0005978
rs3887925,0.4542,EAS,HP:0005978
rs261982,0.414,EAS,HP:0005978
rs34811727,0.0767,EAS,HP:0005978
rs9316706,0.6495,EAS,HP:0005978
rs62405419,0.2682,EAS,HP:0005978
rs2980883,0.6312,EAS,HP:0005978
rs6012878,0.4428,EAS,HP:0005978
rs1206684,0.4799,EAS,HP:0005978
rs10860209,0.411,EAS,HP:0005978
rs9390022,0.2003,EAS,HP:0005978
rs896852,0.7002,EAS,HP:0005978
rs13086331,0.1813,EAS,HP:0005978
rs2074120,0.677,EAS,HP:0005978
rs76203868,0.2572,EAS,HP:0005978
rs633862,0.5422,EAS,HP:0005978
rs11426513,0.5033,EAS,HP:0005978
rs391933,0.545,EAS,HP:0005978
rs55700915,0.4344,EAS,HP:0005978
rs2706710,0.0813,EAS,HP:0005978
rs7084330,0.3365,EAS,HP:0005978
rs2126736,0.5721,EAS,HP:0005978
rs77789961,0.2517,EAS,HP:0005978
rs7210161,0.502,EAS,HP:0005978
rs1016565,0.4209,EAS,HP:0005978
rs329122,0.3865,EAS,HP:0005978
rs62485379,0.073,EAS,HP:0005978
rs349359,0.2424,EAS,HP:0005978
rs76704029,0.2678,EAS,HP:0005978
rs113154802,0.1115,EAS,HP:0005978
rs117027183,0.1601,EAS,HP:0005978
rs10830963,0.421,EAS,HP:0005978
rs55734389,0.3017,EAS,HP:0005978
rs7903146,0.243313,AMR,HP:0005978
rs2237897,0.168674,AMR,HP:0005978
rs35261542,0.268322,AMR,HP:0005978
rs4686392,0.44402,AMR,HP:0005978
rs11720108,0.173506,AMR,HP:0005978
rs459193,0.637988,AMR,HP:0005978
rs11257655,0.270629,AMR,HP:0005978
rs849333,0.338189,AMR,HP:0005978
rs9307893,0.541354,AMR,HP:0005978
rs11394662,0.383545,AMR,HP:0005978
rs7825337,0.539985,AMR,HP:0005978
rs4929965,0.545581,AMR,HP:0005978
rs149716619,0.332733,AMR,HP:0005978
rs60461843,0.0297792,AMR,HP:0005978
rs12566129,0.139285,AMR,HP:0005978
rs343087,0.520816,AMR,HP:0005978
rs7903146,0.356,SAF,HP:0005978
rs73284431,0.905,SAF,HP:0005978
rs7903146,0.361,GME,HP:0005978
rs35198068,0.366,GME,HP:0005978
rs34872471,0.365,GME,HP:0005978
rs7901695,0.373,GME,HP:0005978
rs4506565,0.374,GME,HP:0005978
rs56087297,0.33,GME,HP:0005978
rs12243326,0.343,GME,HP:0005978
rs61872784,0.334,GME,HP:0005978
rs12260037,0.338,GME,HP:0005978
rs7074440,0.364,GME,HP:0005978
rs12255372,0.344,GME,HP:0005978
rs36090025,0.357,GME,HP:0005978
rs12244851,0.37,GME,HP:0005978
rs4267006,0.289,GME,HP:0005978
