source,target,prevalence,ancestry,cui
T2D_EAS,HP:0005978,0.0572,EAS,C0011860
T2D_OCE,HP:0005978,0.0967,OCE,C0011860
T2D_SAS,HP:0005978,0.0781,SAS,C0011860
T2D_EUR,HP:0005978,0.0452,EUR,C0011860
T2D_AMR,HP:0005978,0.0725,AMR,C0011860
T2D_GME,HP:0005978,0.1151,GME,C0011860
T2D_AFR,HP:0005978,0.0457,AFR,C0011860
Obesity_EAS,HP:0001513,0.1935,EAS,C0028754
Obesity_OCE,HP:0001513,0.2452,OCE,C0028754
Obesity_SAS,HP:0001513,0.1097,SAS,C0028754
Obesity_EUR,HP:0001513,0.2687,EUR,C0028754
Obesity_AMR,HP:0001513,0.3266,AMR,C0028754
Obesity_GME,HP:0001513,0.3587,GME,C0028754
Obesity_AFR,HP:0001513,0.1607,AFR,C0028754
Hypertension_EAS,HP:0000822,0.34,EAS,C0020538
Hypertension_OCE,HP:0000822,0.35,OCE,C0020538
Hypertension_SAS,HP:0000822,0.375,SAS,C0020538
Hypertension_EUR,HP:0000822,0.31,EUR,C0020538
Hypertension_AMR,HP:0000822,0.295,AMR,C0020538
Hypertension_GME,HP:0000822,0.27,GME,C0020538
Hypertension_AFR,HP:0000822,0.44,AFR,C0020538
Hyperglycemia_EAS,HP:0003074,0.162,EAS,C0020456
Hyperglycemia_OCE,HP:0003074,0.215,OCE,C0020456
Hyperglycemia_SAS,HP:0003074,0.243,SAS,C0020456
Hyperglycemia_EUR,HP:0003074,0.114,EUR,C0020456
Hyperglycemia_AMR,HP:0003074,0.158,AMR,C0020456
Hyperglycemia_GME,HP:0003074,0.191,GME,C0020456
Hyperglycemia_AFR,HP:0003074,0.185,AFR,C0020456
Alzheimer_EAS,HP:0002511,0.0118,EAS,C0002395
Alzheimer_OCE,HP:0002511,0.0105,OCE,C0002395
Alzheimer_SAS,HP:0002511,0.0098,SAS,C0002395
Alzheimer_EUR,HP:0002511,0.0125,EUR,C0002395
Alzheimer_AMR,HP:0002511,0.0152,AMR,C0002395
Alzheimer_GME,HP:0002511,0.014,GME,C0002395
Alzheimer_AFR,HP:0002511,0.0185,AFR,C0002395
