target_hpo,source_tissue,phenotype_name,p_value,weight,weight_norm,cui
HP:0000822,Adipose_Subcutaneous,Hypertension,0.3586,0.4454,0.696694,C0020538
HP:0000822,Artery_Aorta,Hypertension,0.23701,0.6252,1.0,C0020538
HP:0000822,Heart_Left_Ventricle,Hypertension,0.67617,0.1699,0.23195,C0020538
HP:0000822,Kidney_Cortex,Hypertension,0.92805,0.0324,0.0,C0020538
HP:0000822,Liver,Hypertension,0.8199,0.0862,0.090756,C0020538
HP:0000822,Muscle_Skeletal,Hypertension,0.83421,0.0787,0.078104,C0020538
HP:0000822,Pancreas,Hypertension,0.52212,0.2822,0.42139,C0020538
HP:0000822,Whole_Blood,Hypertension,0.67483,0.1708,0.233468,C0020538
HP:0000822,Brain_Hypothalamus,Hypertension,0.6347,0.1974,0.27834,C0020538
HP:0000822,Small_Intestine_Terminal_Ileum,Hypertension,0.57971,0.2368,0.344804,C0020538
HP:0001513,Adipose_Subcutaneous,Obesity,0.55403,0.2565,0.087949,C0028754
HP:0001513,Artery_Aorta,Obesity,0.0020111,2.6966,1.0,C0028754
HP:0001513,Heart_Left_Ventricle,Obesity,0.17693,0.7522,0.27323,C0028754
HP:0001513,Kidney_Cortex,Obesity,0.76343,0.1172,0.035882,C0028754
HP:0001513,Liver,Obesity,0.66598,0.1765,0.058047,C0028754
HP:0001513,Muscle_Skeletal,Obesity,0.24173,0.6167,0.222584,C0028754
HP:0001513,Pancreas,Obesity,0.55759,0.2537,0.086903,C0028754
HP:0001513,Whole_Blood,Obesity,0.95246,0.0212,0.0,C0028754
HP:0001513,Brain_Hypothalamus,Obesity,0.11643,0.9339,0.341145,C0028754
HP:0001513,Small_Intestine_Terminal_Ileum,Obesity,0.94451,0.0248,0.001346,C0028754
HP:0002511,Adipose_Subcutaneous,Alzheimer's Disease,0.49779,0.303,0.040559,C1863051
HP:0002511,Artery_Aorta,Alzheimer's Disease,0.95771,0.0188,0.00234,C1863051
HP:0002511,Heart_Left_Ventricle,Alzheimer's Disease,0.99672,0.0014,0.0,C1863051
HP:0002511,Kidney_Cortex,Alzheimer's Disease,0.87429,0.0583,0.007652,C1863051
HP:0002511,Liver,Alzheimer's Disease,0.87114,0.0599,0.007867,C1863051
HP:0002511,Muscle_Skeletal,Alzheimer's Disease,0.97288,0.0119,0.001412,C1863051
HP:0002511,Pancreas,Alzheimer's Disease,0.90687,0.0425,0.005527,C1863051
HP:0002511,Whole_Blood,Alzheimer's Disease,3.6528e-08,7.4374,1.0,C1863051
HP:0002511,Brain_Hypothalamus,Alzheimer's Disease,0.061731,1.2095,0.162466,C1863051
HP:0002511,Small_Intestine_Terminal_Ileum,Alzheimer's Disease,0.03772,1.4234,0.191232,C1863051
HP:0003074,Adipose_Subcutaneous,Hyperglycemia,0.3586,0.4454,0.696694,C0020456
HP:0003074,Artery_Aorta,Hyperglycemia,0.23701,0.6252,1.0,C0020456
HP:0003074,Heart_Left_Ventricle,Hyperglycemia,0.67617,0.1699,0.23195,C0020456
HP:0003074,Kidney_Cortex,Hyperglycemia,0.92805,0.0324,0.0,C0020456
HP:0003074,Liver,Hyperglycemia,0.8199,0.0862,0.090756,C0020456
HP:0003074,Muscle_Skeletal,Hyperglycemia,0.83421,0.0787,0.078104,C0020456
HP:0003074,Pancreas,Hyperglycemia,0.52212,0.2822,0.42139,C0020456
HP:0003074,Whole_Blood,Hyperglycemia,0.67483,0.1708,0.233468,C0020456
HP:0003074,Brain_Hypothalamus,Hyperglycemia,0.6347,0.1974,0.27834,C0020456
HP:0003074,Small_Intestine_Terminal_Ileum,Hyperglycemia,0.57971,0.2368,0.344804,C0020456
HP:0005978,Adipose_Subcutaneous,T2D,0.3586,0.4454,0.696694,C0011860
HP:0005978,Artery_Aorta,T2D,0.23701,0.6252,1.0,C0011860
HP:0005978,Heart_Left_Ventricle,T2D,0.67617,0.1699,0.23195,C0011860
HP:0005978,Kidney_Cortex,T2D,0.92805,0.0324,0.0,C0011860
HP:0005978,Liver,T2D,0.8199,0.0862,0.090756,C0011860
HP:0005978,Muscle_Skeletal,T2D,0.83421,0.0787,0.078104,C0011860
HP:0005978,Pancreas,T2D,0.52212,0.2822,0.42139,C0011860
HP:0005978,Whole_Blood,T2D,0.67483,0.1708,0.233468,C0011860
HP:0005978,Brain_Hypothalamus,T2D,0.6347,0.1974,0.27834,C0011860
HP:0005978,Small_Intestine_Terminal_Ileum,T2D,0.57971,0.2368,0.344804,C0011860
