rsid,trait,eaf,p,beta_unified,magnitude,direction,target_ancestry,target_phenotype,cui
rs7903146,Type 2 diabetes,0.291585,1e-300,0.3059,0.7802733674216192,1.0,ANC_EUR,HP:0005978,C0011860
rs7756992,Type 2 diabetes,0.266896,5.99929e-62,0.1297,0.3308318265922982,1.0,ANC_EUR,HP:0005978,C0011860
rs10811661,Type 2 diabetes,0.173605,4.13238e-58,-0.1569,0.4002121325545997,0.0,ANC_EUR,HP:0005978,C0011860
rs6767484,Type 2 diabetes,0.312261,2.70085e-56,0.1209,0.3083852570162594,1.0,ANC_EUR,HP:0005978,C0011860
rs3802177,Type 2 diabetes,0.311281,2.32113e-52,-0.1217,0.3104258542504448,0.0,ANC_EUR,HP:0005978,C0011860
rs9928094,Type 2 diabetes,0.42602,3.58922e-47,0.1045,0.26655301371546,1.0,ANC_EUR,HP:0005978,C0011860
rs849135,Type 2 diabetes,0.499052,1.04112e-43,-0.0999,0.2548195796188943,0.0,ANC_EUR,HP:0005978,C0011860
rs1111875,Type 2 diabetes,0.408262,3.61493e-39,-0.0948,0.2418107722509627,0.0,ANC_EUR,HP:0005978,C0011860
rs1801214,Type 2 diabetes,0.599585,5.5156900000000006e-34,0.0903,0.2303324128086702,1.0,ANC_EUR,HP:0005978,C0011860
rs2943656,Type 2 diabetes,0.635133,6.6973e-34,0.0902,0.230077338154397,1.0,ANC_EUR,HP:0005978,C0011860
rs10830963,Type 2 diabetes,0.275768,5.84655e-30,0.0909,0.2318628607343091,1.0,ANC_EUR,HP:0005978,C0011860
rs11708067,Type 2 diabetes,0.23899,5.93335e-29,-0.0965,0.2461470413736065,0.0,ANC_EUR,HP:0005978,C0011860
rs7607777,Type 2 diabetes,0.105906,9.39723e-28,-0.137,0.3494522763542394,0.0,ANC_EUR,HP:0005978,C0011860
rs1552224,Type 2 diabetes,0.15421,8.63575e-25,-0.1034,0.2637471925184551,0.0,ANC_EUR,HP:0005978,C0011860
rs1899951,Type 2 diabetes,0.123288,1.6368200000000002e-24,-0.1118,0.2851734634774012,0.0,ANC_EUR,HP:0005978,C0011860
rs1359790,Type 2 diabetes,0.2867,2.79512e-23,-0.0796,0.2030394248014413,0.0,ANC_EUR,HP:0005978,C0011860
rs2796441,Type 2 diabetes,0.416458,1.962e-22,-0.0715,0.1823783778053147,0.0,ANC_EUR,HP:0005978,C0011860
rs13389219,Type 2 diabetes,0.394368,2.1062e-22,-0.0722,0.1841639003852269,0.0,ANC_EUR,HP:0005978,C0011860
rs516946,Type 2 diabetes,0.760633,3.15864e-22,0.0824,0.2101815151210899,1.0,ANC_EUR,HP:0005978,C0011860
rs780094,Type 2 diabetes,0.612845,5.15941e-21,0.0692,0.1765116607570318,1.0,ANC_EUR,HP:0005978,C0011860
rs5215,Type 2 diabetes,0.639941,2.08882e-20,-0.0678,0.1729406155972075,0.0,ANC_EUR,HP:0005978,C0011860
rs6960043,Type 2 diabetes,0.521837,3.61077e-19,0.064,0.1632477787348271,1.0,ANC_EUR,HP:0005978,C0011860
rs1063355,Type 2 diabetes,0.602436,3.71535e-19,0.0709,0.1808479298796757,1.0,ANC_EUR,HP:0005978,C0011860
rs72802358,Type 2 diabetes,0.101594,1.9701500000000006e-18,-0.1168,0.2979271961910595,0.0,ANC_EUR,HP:0005978,C0011860
rs1496653,Type 2 diabetes,0.204782,2.57217e-18,-0.0769,0.1961524091360657,0.0,ANC_EUR,HP:0005978,C0011860
rs340874,Type 2 diabetes,0.563904,8.40621e-18,0.0626,0.1596767335750028,1.0,ANC_EUR,HP:0005978,C0011860
rs459193,Type 2 diabetes,0.745338,8.80846e-18,0.0711,0.181358079188222,1.0,ANC_EUR,HP:0005978,C0011860
rs7729395,Type 2 diabetes,0.0509409,1.10103e-17,0.1373,0.3502175003170589,1.0,ANC_EUR,HP:0005978,C0011860
rs11257655,Type 2 diabetes,0.206773,1.96607e-17,0.0737,0.1879900201993244,1.0,ANC_EUR,HP:0005978,C0011860
rs2261181,Type 2 diabetes,0.09647,9.1791e-17,0.0985,0.2512485344590699,1.0,ANC_EUR,HP:0005978,C0011860
rs10842994,Type 2 diabetes,0.197025,1.01508e-16,-0.0755,0.1925813639762414,0.0,ANC_EUR,HP:0005978,C0011860
rs7177055,Type 2 diabetes,0.718289,2.746e-16,0.0647,0.1650333013147393,1.0,ANC_EUR,HP:0005978,C0011860
rs8108269,Type 2 diabetes,0.281015,3.11387e-16,0.0644,0.1642680773519198,1.0,ANC_EUR,HP:0005978,C0011860
rs17168486,Type 2 diabetes,0.173603,2.17721e-15,0.0742,0.1892653934706902,1.0,ANC_EUR,HP:0005978,C0011860
rs243019,Type 2 diabetes,0.455831,2.28981e-15,0.0566,0.1443722543186127,1.0,ANC_EUR,HP:0005978,C0011860
rs10974438,Type 2 diabetes,0.351215,3.01301e-15,0.0591,0.1507491206754419,1.0,ANC_EUR,HP:0005978,C0011860
rs6795735,Type 2 diabetes,0.410912,1.63005e-14,-0.0558,0.1423316570844274,0.0,ANC_EUR,HP:0005978,C0011860
rs61953351,Type 2 diabetes,0.249902,1.97606e-14,-0.07,0.1785522579912172,0.0,ANC_EUR,HP:0005978,C0011860
rs8068804,Type 2 diabetes,0.325097,4.41062e-14,0.0587,0.1497288220583492,1.0,ANC_EUR,HP:0005978,C0011860
rs13234269,Type 2 diabetes,0.492515,6.9775e-14,-0.0583,0.1487085234412566,0.0,ANC_EUR,HP:0005978,C0011860
rs2296173,Type 2 diabetes,0.212011,7.65773e-14,0.065,0.1657985252775588,1.0,ANC_EUR,HP:0005978,C0011860
rs9894220,Type 2 diabetes,0.43374,1.51705e-13,-0.0585,0.1492186727498029,0.0,ANC_EUR,HP:0005978,C0011860
rs825476,Type 2 diabetes,0.580549,6.80456e-13,0.0524,0.1336591188391397,1.0,ANC_EUR,HP:0005978,C0011860
rs3217992,Type 2 diabetes,0.369901,7.2277e-13,0.0527,0.1344243428019592,1.0,ANC_EUR,HP:0005978,C0011860
rs6878122,Type 2 diabetes,0.681791,1.18796e-12,-0.0564,0.1438621050100664,0.0,ANC_EUR,HP:0005978,C0011860
rs2820426,Type 2 diabetes,0.610058,1.30197e-12,0.0521,0.1328938948763202,1.0,ANC_EUR,HP:0005978,C0011860
rs12910825,Type 2 diabetes,0.360391,2.16421e-12,0.0517,0.1318735962592275,1.0,ANC_EUR,HP:0005978,C0011860
rs10401969,Type 2 diabetes,0.0765858,4.13143e-12,0.0921,0.2349237565855872,1.0,ANC_EUR,HP:0005978,C0011860
rs17791513,Type 2 diabetes,0.0605985,4.61424e-12,-0.1027,0.261961669938543,0.0,ANC_EUR,HP:0005978,C0011860
rs12970134,Type 2 diabetes,0.26512,5.30884e-12,0.0555,0.1415664331216079,1.0,ANC_EUR,HP:0005978,C0011860
rs853974,Type 2 diabetes,0.737586,7.85778e-12,-0.0601,0.1532998672181736,0.0,ANC_EUR,HP:0005978,C0011860
rs2925979,Type 2 diabetes,0.70085,9.0615e-12,-0.0534,0.1362098653818714,0.0,ANC_EUR,HP:0005978,C0011860
rs12088739,Type 2 diabetes,0.0898481,9.79264e-12,-0.0884,0.22548599437748,0.0,ANC_EUR,HP:0005978,C0011860
rs4865796,Type 2 diabetes,0.69309,1.32892e-11,0.053,0.1351895667647787,1.0,ANC_EUR,HP:0005978,C0011860
rs7572970,Type 2 diabetes,0.722047,1.39091e-11,0.059,0.1504940460211687,1.0,ANC_EUR,HP:0005978,C0011860
rs576674,Type 2 diabetes,0.832515,1.79184e-11,-0.0654,0.1668188238946515,0.0,ANC_EUR,HP:0005978,C0011860
rs735949,Type 2 diabetes,0.14115,1.94581e-11,-0.0711,0.181358079188222,0.0,ANC_EUR,HP:0005978,C0011860
rs753270,Type 2 diabetes,0.583535,2.70209e-11,0.0528,0.1346794174562324,1.0,ANC_EUR,HP:0005978,C0011860
rs12617659,Type 2 diabetes,0.147238,2.82683e-11,-0.0685,0.1747261381771197,0.0,ANC_EUR,HP:0005978,C0011860
rs1050226,Type 2 diabetes,0.406792,3.34195e-11,-0.0491,0.1252416552481252,0.0,ANC_EUR,HP:0005978,C0011860
rs4686471,Type 2 diabetes,0.609775,4.28154e-11,0.0534,0.1362098653818714,1.0,ANC_EUR,HP:0005978,C0011860
rs72892910,Type 2 diabetes,0.172394,6.42836e-11,0.0648,0.1652883759690125,1.0,ANC_EUR,HP:0005978,C0011860
rs9844972,Type 2 diabetes,0.0697229,1.02601e-10,0.0956,0.243851369485148,1.0,ANC_EUR,HP:0005978,C0011860
rs9369425,Type 2 diabetes,0.708185,1.12899e-10,-0.0546,0.1392707612331494,0.0,ANC_EUR,HP:0005978,C0011860
rs2493394,Type 2 diabetes,0.107338,1.15101e-10,0.073,0.1862044976194122,1.0,ANC_EUR,HP:0005978,C0011860
rs12299509,Type 2 diabetes,0.478622,2.08699e-10,0.0467,0.1191198635455692,1.0,ANC_EUR,HP:0005978,C0011860
rs7685296,Type 2 diabetes,0.279365,2.31702e-10,-0.0511,0.1303431483335885,0.0,ANC_EUR,HP:0005978,C0011860
rs13239186,Type 2 diabetes,0.302029,2.70402e-10,0.0539,0.1374852386532372,1.0,ANC_EUR,HP:0005978,C0011860
rs622217,Type 2 diabetes,0.483932,3.12903e-10,-0.0485,0.1237112073224862,0.0,ANC_EUR,HP:0005978,C0011860
rs2058913,Type 2 diabetes,0.565008,3.26099e-10,-0.0491,0.1252416552481252,0.0,ANC_EUR,HP:0005978,C0011860
rs4823182,Type 2 diabetes,0.335748,3.35799e-10,0.0482,0.1229459833596667,1.0,ANC_EUR,HP:0005978,C0011860
rs2867125,Type 2 diabetes,0.827825,4.32504e-10,0.0601,0.1532998672181736,1.0,ANC_EUR,HP:0005978,C0011860
rs993380,Type 2 diabetes,0.66555,4.58701e-10,-0.0507,0.1293228497164959,0.0,ANC_EUR,HP:0005978,C0011860
rs67232546,Type 2 diabetes,0.209222,4.66101e-10,0.0596,0.1520244939468077,1.0,ANC_EUR,HP:0005978,C0011860
rs840967,Type 2 diabetes,0.605922,5.44202e-10,-0.0497,0.1267721031737642,0.0,ANC_EUR,HP:0005978,C0011860
rs7674212,Type 2 diabetes,0.408864,6.18201e-10,-0.0465,0.1186097142370228,0.0,ANC_EUR,HP:0005978,C0011860
rs10100265,Type 2 diabetes,0.61049,6.28796e-10,-0.0491,0.1252416552481252,0.0,ANC_EUR,HP:0005978,C0011860
rs7955901,Type 2 diabetes,0.556668,7.16094e-10,-0.0444,0.1132531464972863,0.0,ANC_EUR,HP:0005978,C0011860
rs2237892,Type 2 diabetes,0.0624896,8.74601e-10,-0.096,0.2448716681022407,0.0,ANC_EUR,HP:0005978,C0011860
rs9940149,Type 2 diabetes,0.178556,9.29095e-10,-0.058,0.1479432994784371,0.0,ANC_EUR,HP:0005978,C0011860
rs2246618,Type 2 diabetes,0.307253,1.20301e-09,0.0513,0.1308532976421348,1.0,ANC_EUR,HP:0005978,C0011860
rs1758632,Type 2 diabetes,0.623407,1.36e-09,0.0491,0.1252416552481252,1.0,ANC_EUR,HP:0005978,C0011860
rs12945601,Type 2 diabetes,0.613603,1.71799e-09,-0.048,0.1224358340511203,0.0,ANC_EUR,HP:0005978,C0011860
rs348330,Type 2 diabetes,0.633451,1.86402e-09,-0.0487,0.1242213566310325,0.0,ANC_EUR,HP:0005978,C0011860
rs7929543,Type 2 diabetes,0.0831599,2.19902e-09,0.0828,0.2112018137381826,1.0,ANC_EUR,HP:0005978,C0011860
rs55966194,Type 2 diabetes,0.281312,2.25398e-09,-0.0526,0.134169268147686,0.0,ANC_EUR,HP:0005978,C0011860
rs17405722,Type 2 diabetes,0.0741526,2.27798e-09,0.087,0.2219149492176556,1.0,ANC_EUR,HP:0005978,C0011860
rs10087241,Type 2 diabetes,0.594893,2.79602e-09,-0.0475,0.1211604607797545,0.0,ANC_EUR,HP:0005978,C0011860
rs1061813,Type 2 diabetes,0.537119,3.37202e-09,-0.0429,0.1094270266831888,0.0,ANC_EUR,HP:0005978,C0011860
rs2908282,Type 2 diabetes,0.177395,4.25001e-09,0.0552,0.1408012091587884,1.0,ANC_EUR,HP:0005978,C0011860
rs7845219,Type 2 diabetes,0.492786,4.54496e-09,-0.0422,0.1076415041032766,0.0,ANC_EUR,HP:0005978,C0011860
rs16988333,Type 2 diabetes,0.0904035,9.16896e-09,-0.0745,0.1900306174335097,0.0,ANC_EUR,HP:0005978,C0011860
rs7786095,Type 2 diabetes,0.10386,9.64295e-09,-0.0743,0.1895204681249634,0.0,ANC_EUR,HP:0005978,C0011860
rs10114341,Type 2 diabetes,0.440754,1.15101e-08,-0.0409,0.1043255335977254,0.0,ANC_EUR,HP:0005978,C0011860
rs6785040,Type 2 diabetes,0.15066,1.26401e-08,-0.0633,0.1614622561549149,0.0,ANC_EUR,HP:0005978,C0011860
rs2299383,Type 2 diabetes,0.423455,1.49001e-08,0.0412,0.1050907575605449,1.0,ANC_EUR,HP:0005978,C0011860
rs6059662,Type 2 diabetes,0.663176,1.51199e-08,0.0446,0.1137632958058326,1.0,ANC_EUR,HP:0005978,C0011860
rs13330951,Type 2 diabetes,0.488314,1.53801e-08,-0.0456,0.1163140423485643,0.0,ANC_EUR,HP:0005978,C0011860
rs2294120,Type 2 diabetes,0.455879,1.61801e-08,-0.0443,0.1129980718430131,0.0,ANC_EUR,HP:0005978,C0011860
rs7144011,Type 2 diabetes,0.221063,1.63599e-08,0.0482,0.1229459833596667,1.0,ANC_EUR,HP:0005978,C0011860
rs6494307,Type 2 diabetes,0.426225,1.66802e-08,-0.0443,0.1129980718430131,0.0,ANC_EUR,HP:0005978,C0011860
rs11926707,Type 2 diabetes,0.625556,1.68601e-08,0.0463,0.1180995649284765,1.0,ANC_EUR,HP:0005978,C0011860
rs11098676,Type 2 diabetes,0.787639,2.02698e-08,0.054,0.1377403133075104,1.0,ANC_EUR,HP:0005978,C0011860
rs10740322,Type 2 diabetes,0.687104,2.10902e-08,0.0477,0.1216706100883008,1.0,ANC_EUR,HP:0005978,C0011860
rs7240767,Type 2 diabetes,0.383677,2.157e-08,0.0451,0.1150386690771985,1.0,ANC_EUR,HP:0005978,C0011860
rs963740,Type 2 diabetes,0.294299,2.23198e-08,-0.0479,0.1221807593968472,0.0,ANC_EUR,HP:0005978,C0011860
rs11925227,Type 2 diabetes,0.183439,2.24999e-08,-0.0534,0.1362098653818714,0.0,ANC_EUR,HP:0005978,C0011860
rs4812829,Type 2 diabetes,0.160871,2.44298e-08,0.0532,0.135699716073325,1.0,ANC_EUR,HP:0005978,C0011860
rs1127655,Type 2 diabetes,0.529064,2.47098e-08,-0.0438,0.1117226985716473,0.0,ANC_EUR,HP:0005978,C0011860
rs17086692,Type 2 diabetes,0.313426,2.48102e-08,-0.0467,0.1191198635455692,0.0,ANC_EUR,HP:0005978,C0011860
rs3756784,Type 2 diabetes,0.185838,2.58899e-08,0.0505,0.1288127004079495,1.0,ANC_EUR,HP:0005978,C0011860
rs7561798,Type 2 diabetes,0.482171,2.79402e-08,0.04,0.1020298617092669,1.0,ANC_EUR,HP:0005978,C0011860
rs4622883,Type 2 diabetes,0.508544,3.01599e-08,-0.0435,0.1109574746088278,0.0,ANC_EUR,HP:0005978,C0011860
rs17411031,Type 2 diabetes,0.261729,3.03501e-08,-0.045,0.1147835944229253,0.0,ANC_EUR,HP:0005978,C0011860
rs6515236,Type 2 diabetes,0.24933,3.34303e-08,-0.0504,0.1285576257536763,0.0,ANC_EUR,HP:0005978,C0011860
rs11107116,Type 2 diabetes,0.219714,3.74999e-08,0.0467,0.1191198635455692,1.0,ANC_EUR,HP:0005978,C0011860
rs17631783,Type 2 diabetes,0.26346,3.94903e-08,-0.0487,0.1242213566310325,0.0,ANC_EUR,HP:0005978,C0011860
rs10077431,Type 2 diabetes,0.214668,4.75499e-08,-0.0487,0.1242213566310325,0.0,ANC_EUR,HP:0005978,C0011860
rs7903146,Type ii diabetes,0.3095,2.97715e-54,0.2436,0.6213618578094359,1.0,ANC_SAS,HP:0005978,C0011860
rs34782298,Type ii diabetes,0.4282,1.02589e-14,0.1142,0.2912952551799572,1.0,ANC_SAS,HP:0005978,C0011860
rs10811661,Type ii diabetes,0.1372,3.408e-13,-0.1599,0.4078643721827947,0.0,ANC_SAS,HP:0005978,C0011860
rs7766070,Type ii diabetes,0.2663,5.14991e-13,0.1184,0.3020083906594302,1.0,ANC_SAS,HP:0005978,C0011860
rs6103716,Type ii diabetes,0.3806,2.10184e-11,0.1023,0.2609413713214503,1.0,ANC_SAS,HP:0005978,C0011860
rs10786053,Type ii diabetes,0.5423,1.52598e-10,-0.0947,0.2415556975966895,0.0,ANC_SAS,HP:0005978,C0011860
rs2877716,Type ii diabetes,0.7738,5.31202e-10,0.1105,0.28185749297185,1.0,ANC_SAS,HP:0005978,C0011860
rs35859536,Type ii diabetes,0.2369,1.06901e-09,-0.1057,0.269613909566738,0.0,ANC_SAS,HP:0005978,C0011860
rs234866,Type ii diabetes,0.3086,1.085e-09,-0.1032,0.2632370432099088,0.0,ANC_SAS,HP:0005978,C0011860
rs7100710,Type ii diabetes,0.7478,4.52898e-09,-0.099,0.2525239077304357,0.0,ANC_SAS,HP:0005978,C0011860
rs4973727,Type ii diabetes,0.2681,5.23106e-09,0.096,0.2448716681022407,1.0,ANC_SAS,HP:0005978,C0011860
rs2237897,Type 2 diabetes,0.3679,1.87932e-245,-0.2476,0.6315648439803625,0.0,ANC_EAS,HP:0005978,C0011860
rs9350271,Type 2 diabetes,0.4225,4.9545e-183,0.1933,0.4930593067100327,1.0,ANC_EAS,HP:0005978,C0011860
rs10965248,Type 2 diabetes,0.437,4.4157e-164,-0.1829,0.4665315426656232,0.0,ANC_EAS,HP:0005978,C0011860
rs35906730,Type 2 diabetes,0.7355,1.26503e-71,-0.1378,0.3514928735884247,0.0,ANC_EAS,HP:0005978,C0011860
rs13266634,Type 2 diabetes,0.4143,3.72477e-67,-0.116,0.2958865989568742,0.0,ANC_EAS,HP:0005978,C0011860
rs13092876,Type 2 diabetes,0.3122,1.90678e-66,0.1257,0.3206288404213714,1.0,ANC_EAS,HP:0005978,C0011860
rs7901695,Type 2 diabetes,0.0382,8.18276e-62,0.2754,0.702475597868303,1.0,ANC_EAS,HP:0005978,C0011860
rs11257657,Type 2 diabetes,0.4832,9.77012e-62,0.1144,0.2918054044885035,1.0,ANC_EAS,HP:0005978,C0011860
rs7501939,Type 2 diabetes,0.7023,1.59698e-60,-0.1198,0.3055794358192546,0.0,ANC_EAS,HP:0005978,C0011860
rs35589574,Type 2 diabetes,0.1121,1.5790600000000002e-55,0.1711,0.4364327334613895,1.0,ANC_EAS,HP:0005978,C0011860
rs1421085,Type 2 diabetes,0.1668,1.54989e-48,0.1303,0.3323622745179371,1.0,ANC_EAS,HP:0005978,C0011860
rs16884229,Type 2 diabetes,0.3345,1.15213e-43,0.097,0.2474224146449724,1.0,ANC_EAS,HP:0005978,C0011860
rs7656416,Type 2 diabetes,0.3167,9.011559999999999e-42,-0.1002,0.2555848035817137,0.0,ANC_EAS,HP:0005978,C0011860
rs11926494,Type 2 diabetes,0.18,2.69401e-37,-0.1123,0.286448836748767,0.0,ANC_EAS,HP:0005978,C0011860
rs8037894,Type 2 diabetes,0.4144,7.29625e-33,-0.08,0.2040597234185339,0.0,ANC_EAS,HP:0005978,C0011860
rs7507912,Type 2 diabetes,0.2633,4.02161e-32,-0.0932,0.237729577782592,0.0,ANC_EAS,HP:0005978,C0011860
rs17072370,Type 2 diabetes,0.2787,1.31492e-31,-0.0889,0.2267613676488458,0.0,ANC_EAS,HP:0005978,C0011860
rs9870576,Type 2 diabetes,0.3521,1.508e-31,-0.0818,0.2086510671954509,0.0,ANC_EAS,HP:0005978,C0011860
rs256904,Type 2 diabetes,0.4923,3.5563100000000004e-29,0.074,0.1887552441621439,1.0,ANC_EAS,HP:0005978,C0011860
rs2796441,Type 2 diabetes,0.6103,1.43087e-28,-0.0754,0.1923262893219682,0.0,ANC_EAS,HP:0005978,C0011860
rs10011838,Type 2 diabetes,0.507,1.42594e-27,-0.0729,0.185949422965139,0.0,ANC_EAS,HP:0005978,C0011860
rs4237150,Type 2 diabetes,0.4262,4.46272e-27,0.0722,0.1841639003852269,1.0,ANC_EAS,HP:0005978,C0011860
rs476828,Type 2 diabetes,0.243,4.8095e-27,0.084,0.2142627095894606,1.0,ANC_EAS,HP:0005978,C0011860
rs4736999,Type 2 diabetes,0.4525,5.24928e-27,0.0721,0.1839088257309537,1.0,ANC_EAS,HP:0005978,C0011860
rs952471,Type 2 diabetes,0.3949,1.6221800000000002e-26,0.0714,0.1821233031510415,1.0,ANC_EAS,HP:0005978,C0011860
rs4148646,Type 2 diabetes,0.6154,1.70294e-26,-0.0735,0.187479870890778,0.0,ANC_EAS,HP:0005978,C0011860
rs376993806,Type 2 diabetes,0.8821,4.51856e-26,0.1299,0.3313419759008444,1.0,ANC_EAS,HP:0005978,C0011860
rs58718028,Type 2 diabetes,0.3409,3.34503e-25,0.0726,0.1851841990023195,1.0,ANC_EAS,HP:0005978,C0011860
rs11374208,Type 2 diabetes,0.9591,8.10028e-25,-0.1687,0.4303109417588334,0.0,ANC_EAS,HP:0005978,C0011860
rs3852529,Type 2 diabetes,0.164,2.0691900000000003e-24,0.0989,0.2522688330761626,1.0,ANC_EAS,HP:0005978,C0011860
rs2289488,Type 2 diabetes,0.3147,4.9317400000000006e-24,0.0819,0.2089061418497241,1.0,ANC_EAS,HP:0005978,C0011860
rs7895832,Type 2 diabetes,0.177,5.3975900000000015e-24,0.0889,0.2267613676488458,1.0,ANC_EAS,HP:0005978,C0011860
rs186568031,Type 2 diabetes,0.0942,8.98669e-24,0.1156,0.2948663003397815,1.0,ANC_EAS,HP:0005978,C0011860
rs10795946,Type 2 diabetes,0.2264,1.52405e-23,0.085,0.2168134561321923,1.0,ANC_EAS,HP:0005978,C0011860
rs8026714,Type 2 diabetes,0.486,1.06096e-22,0.0657,0.167584047857471,1.0,ANC_EAS,HP:0005978,C0011860
rs742762,Type 2 diabetes,0.2882,1.7868999999999998e-22,-0.0751,0.1915610653591487,0.0,ANC_EAS,HP:0005978,C0011860
rs12698877,Type 2 diabetes,0.3362,6.95825e-22,0.0673,0.1716652423258416,1.0,ANC_EAS,HP:0005978,C0011860
rs17168486,Type 2 diabetes,0.4181,8.22811e-22,0.0643,0.1640130026976466,1.0,ANC_EAS,HP:0005978,C0011860
rs1260326,Type 2 diabetes,0.4562,1.01111e-21,0.0632,0.1612071815006418,1.0,ANC_EAS,HP:0005978,C0011860
rs10507349,Type 2 diabetes,0.434,1.692e-21,-0.0638,0.1627376294262808,0.0,ANC_EAS,HP:0005978,C0011860
rs12625671,Type 2 diabetes,0.442,2.25009e-21,0.0655,0.1670738985489246,1.0,ANC_EAS,HP:0005978,C0011860
rs7109575,Type 2 diabetes,0.0552,5.45632e-21,-0.141,0.359655262525166,0.0,ANC_EAS,HP:0005978,C0011860
rs3751236,Type 2 diabetes,0.3283,6.57961e-21,-0.0666,0.1698797197459295,0.0,ANC_EAS,HP:0005978,C0011860
rs12907887,Type 2 diabetes,0.229,1.7410000000000002e-20,0.077,0.1964074837903389,1.0,ANC_EAS,HP:0005978,C0011860
rs62286764,Type 2 diabetes,0.6477,7.401159999999999e-20,-0.0675,0.172175391634388,0.0,ANC_EAS,HP:0005978,C0011860
rs10950550,Type 2 diabetes,0.3168,1.75186e-19,-0.065,0.1657985252775588,0.0,ANC_EAS,HP:0005978,C0011860
rs3735641,Type 2 diabetes,0.7395,3.61826e-19,0.0689,0.1757464367942123,1.0,ANC_EAS,HP:0005978,C0011860
rs4930974,Type 2 diabetes,0.2693,4.06912e-19,0.0688,0.1754913621399391,1.0,ANC_EAS,HP:0005978,C0011860
rs703980,Type 2 diabetes,0.4334,6.54636e-19,-0.0604,0.1540650911809931,0.0,ANC_EAS,HP:0005978,C0011860
rs9368194,Type 2 diabetes,0.5343,2.3490900000000003e-18,0.0603,0.1538100165267199,1.0,ANC_EAS,HP:0005978,C0011860
rs9523295,Type 2 diabetes,0.1676,7.23602e-18,-0.0775,0.1976828570617047,0.0,ANC_EAS,HP:0005978,C0011860
rs28691713,Type 2 diabetes,0.4448,1.79308e-17,-0.0655,0.1670738985489246,0.0,ANC_EAS,HP:0005978,C0011860
rs6731688,Type 2 diabetes,0.908,2.54976e-17,0.0982,0.2504833104962504,1.0,ANC_EAS,HP:0005978,C0011860
rs117267808,Type 2 diabetes,0.0782,4.85065e-17,0.1032,0.2632370432099088,1.0,ANC_EAS,HP:0005978,C0011860
rs10886863,Type 2 diabetes,0.6641,5.27959e-17,0.0595,0.1517694192925346,1.0,ANC_EAS,HP:0005978,C0011860
rs3869115,Type 2 diabetes,0.1681,1.23595e-16,-0.077,0.1964074837903389,0.0,ANC_EAS,HP:0005978,C0011860
rs7250869,Type 2 diabetes,0.4663,2.28876e-16,-0.0558,0.1423316570844274,0.0,ANC_EAS,HP:0005978,C0011860
rs35503308,Type 2 diabetes,0.7264,2.92281e-16,-0.0695,0.1772768847198514,0.0,ANC_EAS,HP:0005978,C0011860
rs28599782,Type 2 diabetes,0.209,4.64301e-16,0.0674,0.1719203169801148,1.0,ANC_EAS,HP:0005978,C0011860
rs55783344,Type 2 diabetes,0.1838,4.85959e-16,0.0706,0.1800827059168562,1.0,ANC_EAS,HP:0005978,C0011860
rs2583934,Type 2 diabetes,0.3396,4.95222e-16,0.0576,0.1469230008613444,1.0,ANC_EAS,HP:0005978,C0011860
rs2780215,Type 2 diabetes,0.1082,6.45803e-16,-0.0905,0.2308425621172165,0.0,ANC_EAS,HP:0005978,C0011860
rs39233,Type 2 diabetes,0.2231,1.52405e-15,0.0638,0.1627376294262808,1.0,ANC_EAS,HP:0005978,C0011860
rs111246699,Type 2 diabetes,0.2572,1.53603e-15,0.0614,0.1566158377237248,1.0,ANC_EAS,HP:0005978,C0011860
rs243018,Type 2 diabetes,0.6656,1.54917e-15,0.059,0.1504940460211687,1.0,ANC_EAS,HP:0005978,C0011860
rs4544248,Type 2 diabetes,0.0777,2.1062e-15,0.0976,0.2489528625706114,1.0,ANC_EAS,HP:0005978,C0011860
rs7787720,Type 2 diabetes,0.4209,2.25476e-15,0.0539,0.1374852386532372,1.0,ANC_EAS,HP:0005978,C0011860
rs4403739,Type 2 diabetes,0.9714,2.39773e-15,-0.156,0.3979164606661412,0.0,ANC_EAS,HP:0005978,C0011860
rs1575972,Type 2 diabetes,0.0483,6.07156e-15,-0.1264,0.3224143630012837,0.0,ANC_EAS,HP:0005978,C0011860
rs11205766,Type 2 diabetes,0.0969,7.49376e-15,-0.0902,0.230077338154397,0.0,ANC_EAS,HP:0005978,C0011860
rs12712928,Type 2 diabetes,0.4022,1.83105e-14,0.0544,0.138760611924603,1.0,ANC_EAS,HP:0005978,C0011860
rs8043085,Type 2 diabetes,0.4493,2.05589e-14,0.052,0.132638820222047,1.0,ANC_EAS,HP:0005978,C0011860
rs9379084,Type 2 diabetes,0.2014,2.2009e-14,-0.0718,0.1831436017681342,0.0,ANC_EAS,HP:0005978,C0011860
rs410504,Type 2 diabetes,0.9555,4.1096e-14,0.1315,0.3354231703692152,1.0,ANC_EAS,HP:0005978,C0011860
rs9788635,Type 2 diabetes,0.2437,9.4254e-14,-0.0581,0.1481983741327102,0.0,ANC_EAS,HP:0005978,C0011860
rs2327777,Type 2 diabetes,0.5492,1.06292e-13,-0.0498,0.1270271778280373,0.0,ANC_EAS,HP:0005978,C0011860
rs3094508,Type 2 diabetes,0.2441,1.31099e-13,0.0585,0.1492186727498029,1.0,ANC_EAS,HP:0005978,C0011860
rs57373996,Type 2 diabetes,0.0483,1.51391e-13,0.1263,0.3221592883470104,1.0,ANC_EAS,HP:0005978,C0011860
rs76878791,Type 2 diabetes,0.3219,2.02395e-13,0.0529,0.1349344921105056,1.0,ANC_EAS,HP:0005978,C0011860
rs7107784,Type 2 diabetes,0.9055,2.60196e-13,-0.0863,0.2201294266377435,0.0,ANC_EAS,HP:0005978,C0011860
rs4078098,Type 2 diabetes,0.0312,3.0507e-13,-0.1947,0.496630351869857,0.0,ANC_EAS,HP:0005978,C0011860
rs62112368,Type 2 diabetes,0.0625,4.92833e-13,-0.1113,0.2838980902060353,0.0,ANC_EAS,HP:0005978,C0011860
rs16918226,Type 2 diabetes,0.2059,5.21675e-13,-0.0592,0.1510041953297151,0.0,ANC_EAS,HP:0005978,C0011860
rs80196932,Type 2 diabetes,0.2141,7.57356e-13,-0.0595,0.1517694192925346,0.0,ANC_EAS,HP:0005978,C0011860
rs10852123,Type 2 diabetes,0.799,8.38108e-13,-0.0601,0.1532998672181736,0.0,ANC_EAS,HP:0005978,C0011860
rs7304270,Type 2 diabetes,0.2386,1.04112e-12,-0.0684,0.1744710635228465,0.0,ANC_EAS,HP:0005978,C0011860
rs3135911,Type 2 diabetes,0.4324,1.51008e-12,0.0481,0.1226909087053935,1.0,ANC_EAS,HP:0005978,C0011860
rs1182444,Type 2 diabetes,0.4947,1.66917e-12,0.0473,0.1206503114712082,1.0,ANC_EAS,HP:0005978,C0011860
rs9461650,Type 2 diabetes,0.208,1.98793e-12,-0.0598,0.1525346432553541,0.0,ANC_EAS,HP:0005978,C0011860
rs4273712,Type 2 diabetes,0.4688,2.55976e-12,0.0469,0.1196300128541155,1.0,ANC_EAS,HP:0005978,C0011860
rs3735567,Type 2 diabetes,0.2224,3.05211e-12,-0.0565,0.1441171796643396,0.0,ANC_EAS,HP:0005978,C0011860
rs6416749,Type 2 diabetes,0.6254,3.4033e-12,-0.0522,0.1331489695305934,0.0,ANC_EAS,HP:0005978,C0011860
rs7900112,Type 2 diabetes,0.5141,5.36661e-12,-0.0462,0.1178444902742033,0.0,ANC_EAS,HP:0005978,C0011860
rs532504,Type 2 diabetes,0.2133,7.38584e-12,0.0548,0.1397809105416957,1.0,ANC_EAS,HP:0005978,C0011860
rs1426371,Type 2 diabetes,0.5089,7.76247e-12,-0.0479,0.1221807593968472,0.0,ANC_EAS,HP:0005978,C0011860
rs201018682,Type 2 diabetes,0.1838,1.01298e-11,-0.0592,0.1510041953297151,0.0,ANC_EAS,HP:0005978,C0011860
rs73856630,Type 2 diabetes,0.3338,1.34307e-11,-0.0487,0.1242213566310325,0.0,ANC_EAS,HP:0005978,C0011860
rs340875,Type 2 diabetes,0.537,1.68112e-11,0.0451,0.1150386690771985,1.0,ANC_EAS,HP:0005978,C0011860
rs4739515,Type 2 diabetes,0.4617,1.68112e-11,-0.0451,0.1150386690771985,0.0,ANC_EAS,HP:0005978,C0011860
rs838720,Type 2 diabetes,0.4045,2.14684e-11,0.0462,0.1178444902742033,1.0,ANC_EAS,HP:0005978,C0011860
rs59317019,Type 2 diabetes,0.2932,2.21106e-11,-0.0542,0.1382504626160567,0.0,ANC_EAS,HP:0005978,C0011860
rs1513275,Type 2 diabetes,0.7836,2.75994e-11,0.0566,0.1443722543186127,1.0,ANC_EAS,HP:0005978,C0011860
rs75990271,Type 2 diabetes,0.1848,3.21514e-11,-0.0657,0.167584047857471,0.0,ANC_EAS,HP:0005978,C0011860
rs3963364,Type 2 diabetes,0.05,3.4898e-11,-0.1146,0.2923155537970499,0.0,ANC_EAS,HP:0005978,C0011860
rs1459513,Type 2 diabetes,0.6093,3.73422e-11,0.0463,0.1180995649284765,1.0,ANC_EAS,HP:0005978,C0011860
rs7313668,Type 2 diabetes,0.3742,4.9136e-11,0.0447,0.1140183704601058,1.0,ANC_EAS,HP:0005978,C0011860
rs238763,Type 2 diabetes,0.3217,5.04429e-11,-0.0519,0.1323837455677739,0.0,ANC_EAS,HP:0005978,C0011860
rs61779313,Type 2 diabetes,0.1506,5.58856e-11,0.0603,0.1538100165267199,1.0,ANC_EAS,HP:0005978,C0011860
rs1328412,Type 2 diabetes,0.0552,6.41357e-11,-0.0967,0.2466571906821529,0.0,ANC_EAS,HP:0005978,C0011860
rs73347525,Type 2 diabetes,0.2444,7.45933e-11,-0.0586,0.1494737474040761,0.0,ANC_EAS,HP:0005978,C0011860
rs58524310,Type 2 diabetes,0.3268,8.40621e-11,0.0474,0.1209053861254813,1.0,ANC_EAS,HP:0005978,C0011860
rs2908279,Type 2 diabetes,0.627,8.41783e-11,0.0461,0.1175894156199302,1.0,ANC_EAS,HP:0005978,C0011860
rs2092518,Type 2 diabetes,0.3388,1.393e-10,-0.0462,0.1178444902742033,0.0,ANC_EAS,HP:0005978,C0011860
rs988748,Type 2 diabetes,0.5648,1.617e-10,0.0422,0.1076415041032766,1.0,ANC_EAS,HP:0005978,C0011860
rs123378,Type 2 diabetes,0.8049,2.22101e-10,-0.0533,0.1359547907275982,0.0,ANC_EAS,HP:0005978,C0011860
rs12818766,Type 2 diabetes,0.2787,2.46099e-10,0.0538,0.1372301639989641,1.0,ANC_EAS,HP:0005978,C0011860
rs72874858,Type 2 diabetes,0.1108,3.15602e-10,-0.0692,0.1765116607570318,0.0,ANC_EAS,HP:0005978,C0011860
rs10938398,Type 2 diabetes,0.2921,3.843e-10,0.0457,0.1165691170028375,1.0,ANC_EAS,HP:0005978,C0011860
rs60573766,Type 2 diabetes,0.3653,4.29596e-10,-0.0437,0.1114676239173741,0.0,ANC_EAS,HP:0005978,C0011860
rs2269245,Type 2 diabetes,0.1847,5.40406e-10,-0.054,0.1377403133075104,0.0,ANC_EAS,HP:0005978,C0011860
rs149265787,Type 2 diabetes,0.0239,5.68002e-10,0.1339,0.3415449620717711,1.0,ANC_EAS,HP:0005978,C0011860
rs1266488,Type 2 diabetes,0.4125,6.28594e-10,-0.0439,0.1119777732259205,0.0,ANC_EAS,HP:0005978,C0011860
rs147707338,Type 2 diabetes,0.0695,6.468e-10,0.0865,0.2206395759462898,1.0,ANC_EAS,HP:0005978,C0011860
rs62173901,Type 2 diabetes,0.0313,6.58006e-10,-0.1229,0.3134867501017228,0.0,ANC_EAS,HP:0005978,C0011860
rs4286946,Type 2 diabetes,0.3521,7.51104e-10,0.0437,0.1114676239173741,1.0,ANC_EAS,HP:0005978,C0011860
rs9948462,Type 2 diabetes,0.7048,8.70102e-10,0.0466,0.118864788891296,1.0,ANC_EAS,HP:0005978,C0011860
rs475002,Type 2 diabetes,0.5184,9.79693e-10,0.0434,0.1107023999545546,1.0,ANC_EAS,HP:0005978,C0011860
rs12437434,Type 2 diabetes,0.2873,1.017e-09,-0.0458,0.1168241916571107,0.0,ANC_EAS,HP:0005978,C0011860
rs1850421,Type 2 diabetes,0.7223,1.40602e-09,-0.0442,0.11274299718874,0.0,ANC_EAS,HP:0005978,C0011860
rs4499362,Type 2 diabetes,0.361,1.525e-09,-0.0435,0.1109574746088278,0.0,ANC_EAS,HP:0005978,C0011860
rs9866168,Type 2 diabetes,0.6394,1.546e-09,0.0459,0.1170792663113838,1.0,ANC_EAS,HP:0005978,C0011860
rs34642578,Type 2 diabetes,0.0533,1.60199e-09,0.0893,0.2277816662659385,1.0,ANC_EAS,HP:0005978,C0011860
rs73085586,Type 2 diabetes,0.3563,1.65798e-09,-0.0428,0.1091719520289156,0.0,ANC_EAS,HP:0005978,C0011860
rs149336329,Type 2 diabetes,0.0506,1.702e-09,-0.1006,0.2566051021988064,0.0,ANC_EAS,HP:0005978,C0011860
rs61975988,Type 2 diabetes,0.5431,1.97301e-09,-0.0396,0.1010095630921743,0.0,ANC_EAS,HP:0005978,C0011860
rs12610052,Type 2 diabetes,0.3068,1.97301e-09,0.0456,0.1163140423485643,1.0,ANC_EAS,HP:0005978,C0011860
rs35917376,Type 2 diabetes,0.6207,2.133e-09,0.0473,0.1206503114712082,1.0,ANC_EAS,HP:0005978,C0011860
rs3837848,Type 2 diabetes,0.3491,2.14902e-09,-0.0431,0.1099371759917351,0.0,ANC_EAS,HP:0005978,C0011860
rs146716733,Type 2 diabetes,0.1317,2.52197e-09,-0.0596,0.1520244939468077,0.0,ANC_EAS,HP:0005978,C0011860
rs6885132,Type 2 diabetes,0.444,2.58702e-09,-0.0405,0.1033052349806328,0.0,ANC_EAS,HP:0005978,C0011860
rs7090695,Type 2 diabetes,0.5569,2.59699e-09,0.0399,0.1017747870549938,1.0,ANC_EAS,HP:0005978,C0011860
rs2240885,Type 2 diabetes,0.4027,2.78702e-09,0.0422,0.1076415041032766,1.0,ANC_EAS,HP:0005978,C0011860
rs3887925,Type 2 diabetes,0.4542,3.11602e-09,0.0397,0.1012646377464474,1.0,ANC_EAS,HP:0005978,C0011860
rs261982,Type 2 diabetes,0.414,3.11602e-09,0.0397,0.1012646377464474,1.0,ANC_EAS,HP:0005978,C0011860
rs34811727,Type 2 diabetes,0.0767,3.32399e-09,0.0763,0.1946219612104267,1.0,ANC_EAS,HP:0005978,C0011860
rs9316706,Type 2 diabetes,0.6495,3.33304e-09,-0.0414,0.1056009068690913,0.0,ANC_EAS,HP:0005978,C0011860
rs62405419,Type 2 diabetes,0.2682,3.78504e-09,0.0442,0.11274299718874,1.0,ANC_EAS,HP:0005978,C0011860
rs2980883,Type 2 diabetes,0.6312,3.925e-09,-0.0418,0.1066212054861839,0.0,ANC_EAS,HP:0005978,C0011860
rs6012878,Type 2 diabetes,0.4428,4.32096e-09,-0.0411,0.1048356829062718,0.0,ANC_EAS,HP:0005978,C0011860
rs1206684,Type 2 diabetes,0.4799,4.41998e-09,-0.0399,0.1017747870549938,0.0,ANC_EAS,HP:0005978,C0011860
rs10860209,Type 2 diabetes,0.411,5.67401e-09,-0.0402,0.1025400110178133,0.0,ANC_EAS,HP:0005978,C0011860
rs9390022,Type 2 diabetes,0.2003,6.35199e-09,-0.0482,0.1229459833596667,0.0,ANC_EAS,HP:0005978,C0011860
rs896852,Type 2 diabetes,0.7002,6.41505e-09,-0.0418,0.1066212054861839,0.0,ANC_EAS,HP:0005978,C0011860
rs13086331,Type 2 diabetes,0.1813,7.29105e-09,-0.0509,0.1298329990250422,0.0,ANC_EAS,HP:0005978,C0011860
rs2074120,Type 2 diabetes,0.677,8.38301e-09,-0.0409,0.1043255335977254,0.0,ANC_EAS,HP:0005978,C0011860
rs76203868,Type 2 diabetes,0.2572,1.014e-08,-0.0464,0.1183546395827496,0.0,ANC_EAS,HP:0005978,C0011860
rs633862,Type 2 diabetes,0.5422,1.262e-08,0.0387,0.0987138912037157,1.0,ANC_EAS,HP:0005978,C0011860
rs11426513,Type 2 diabetes,0.5033,1.41599e-08,0.0397,0.1012646377464474,1.0,ANC_EAS,HP:0005978,C0011860
rs391933,Type 2 diabetes,0.545,1.456e-08,-0.0374,0.0953979206981646,0.0,ANC_EAS,HP:0005978,C0011860
rs55700915,Type 2 diabetes,0.4344,1.49599e-08,0.0402,0.1025400110178133,1.0,ANC_EAS,HP:0005978,C0011860
rs2706710,Type 2 diabetes,0.0813,1.67302e-08,0.0711,0.181358079188222,1.0,ANC_EAS,HP:0005978,C0011860
rs7084330,Type 2 diabetes,0.3365,1.81702e-08,0.0394,0.1004994137836279,1.0,ANC_EAS,HP:0005978,C0011860
rs2126736,Type 2 diabetes,0.5721,1.83502e-08,-0.0377,0.0961631446609841,0.0,ANC_EAS,HP:0005978,C0011860
rs77789961,Type 2 diabetes,0.2517,1.91999e-08,0.0472,0.120395236816935,1.0,ANC_EAS,HP:0005978,C0011860
rs7210161,Type 2 diabetes,0.502,2.14398e-08,0.0392,0.0999892644750816,1.0,ANC_EAS,HP:0005978,C0011860
rs1016565,Type 2 diabetes,0.4209,2.18102e-08,0.0375,0.0956529953524377,1.0,ANC_EAS,HP:0005978,C0011860
rs329122,Type 2 diabetes,0.3865,2.216e-08,0.0386,0.0984588165494426,1.0,ANC_EAS,HP:0005978,C0011860
rs62485379,Type 2 diabetes,0.073,2.26298e-08,0.071,0.1811030045339488,1.0,ANC_EAS,HP:0005978,C0011860
rs349359,Type 2 diabetes,0.2424,3.05098e-08,0.0432,0.1101922506460083,1.0,ANC_EAS,HP:0005978,C0011860
rs76704029,Type 2 diabetes,0.2678,3.39e-08,-0.0552,0.1408012091587884,0.0,ANC_EAS,HP:0005978,C0011860
rs113154802,Type 2 diabetes,0.1115,3.51196e-08,-0.0601,0.1532998672181736,0.0,ANC_EAS,HP:0005978,C0011860
rs117027183,Type 2 diabetes,0.1601,3.91796e-08,0.05,0.1275373271365837,1.0,ANC_EAS,HP:0005978,C0011860
rs10830963,Type 2 diabetes,0.421,4.48497e-08,0.0372,0.0948877713896182,1.0,ANC_EAS,HP:0005978,C0011860
rs55734389,Type 2 diabetes,0.3017,4.58596e-08,-0.041,0.1045806082519986,0.0,ANC_EAS,HP:0005978,C0011860
rs7903146,Type 2 diabetes,0.243313,1.63719e-41,0.250891,0.6399593508524924,1.0,ANC_AMR,HP:0005978,C0011860
rs2237897,Type 2 diabetes,0.168674,1.00786e-27,-0.251333,0.6410867808243799,0.0,ANC_AMR,HP:0005978,C0011860
rs35261542,Type 2 diabetes,0.268322,2.83923e-17,0.149962,0.3825150530411274,1.0,ANC_AMR,HP:0005978,C0011860
rs4686392,Type 2 diabetes,0.44402,7.39605e-14,0.128859,0.3286866487498608,1.0,ANC_AMR,HP:0005978,C0011860
rs11720108,Type 2 diabetes,0.173506,4.42996e-12,-0.151119,0.3854662667910679,0.0,ANC_AMR,HP:0005978,C0011860
rs459193,Type 2 diabetes,0.637988,5.24928e-11,0.107365,0.2738609025603862,1.0,ANC_AMR,HP:0005978,C0011860
rs11257655,Type 2 diabetes,0.270629,6.65426e-11,0.114394,0.2917901000092471,1.0,ANC_AMR,HP:0005978,C0011860
rs849333,Type 2 diabetes,0.338189,1.38197e-09,-0.109209,0.2785644791851834,0.0,ANC_AMR,HP:0005978,C0011860
rs9307893,Type 2 diabetes,0.541354,2.31969e-09,-0.0971116,0.2477070779591413,0.0,ANC_AMR,HP:0005978,C0011860
rs11394662,Type 2 diabetes,0.383545,2.7776e-09,-0.107409,0.2739731354082664,0.0,ANC_AMR,HP:0005978,C0011860
rs7825337,Type 2 diabetes,0.539985,3.79455e-09,0.0942347,0.2403688352303565,1.0,ANC_AMR,HP:0005978,C0011860
rs4929965,Type 2 diabetes,0.545581,1.228e-08,-0.100039,0.255174133388334,0.0,ANC_AMR,HP:0005978,C0011860
rs149716619,Type 2 diabetes,0.332733,1.4771e-08,-0.0951765,0.2427711283243012,0.0,ANC_AMR,HP:0005978,C0011860
rs60461843,Type 2 diabetes,0.0297792,2.34731e-08,-0.25286,0.6449817707951311,0.0,ANC_AMR,HP:0005978,C0011860
rs12566129,Type 2 diabetes,0.139285,3.02336e-08,-0.129848,0.3312093370806224,0.0,ANC_AMR,HP:0005978,C0011860
rs343087,Type 2 diabetes,0.520816,4.94038e-08,-0.100719,0.2569086410373915,0.0,ANC_AMR,HP:0005978,C0011860
rs7903146,Type 2 diabetes,0.356,5e-13,0.2776317365982795,0.7081681922806524,1.0,ANC_SAF,HP:0005978,C0011860
rs73284431,Type 2 diabetes,0.905,5e-09,0.3920420877760237,1.0,1.0,ANC_SAF,HP:0005978,C0011860
rs7903146,Type 2 diabetes,0.361,4.25e-13,0.262,0.6682955941956987,1.0,ANC_GME,HP:0005978,C0011860
rs35198068,Type 2 diabetes,0.366,1.33e-12,0.256,0.6529911149393086,1.0,ANC_GME,HP:0005978,C0011860
rs34872471,Type 2 diabetes,0.365,4.64e-12,0.25,0.6376866356829186,1.0,ANC_GME,HP:0005978,C0011860
rs7901695,Type 2 diabetes,0.373,5.21e-12,0.249,0.6351358891401869,1.0,ANC_GME,HP:0005978,C0011860
rs4506565,Type 2 diabetes,0.374,5.24e-12,0.249,0.6351358891401869,1.0,ANC_GME,HP:0005978,C0011860
rs56087297,Type 2 diabetes,0.33,2.83e-10,0.234,0.5968746909992119,1.0,ANC_GME,HP:0005978,C0011860
rs12243326,Type 2 diabetes,0.343,2.94e-10,0.231,0.5892224513710168,1.0,ANC_GME,HP:0005978,C0011860
rs61872784,Type 2 diabetes,0.334,3e-10,0.233,0.5943239444564802,1.0,ANC_GME,HP:0005978,C0011860
rs12260037,Type 2 diabetes,0.338,3.52e-10,0.231,0.5892224513710168,1.0,ANC_GME,HP:0005978,C0011860
rs7074440,Type 2 diabetes,0.364,4.88e-10,0.225,0.5739179721146267,1.0,ANC_GME,HP:0005978,C0011860
rs12255372,Type 2 diabetes,0.344,3.59e-09,0.217,0.5535119997727733,1.0,ANC_GME,HP:0005978,C0011860
rs36090025,Type 2 diabetes,0.357,4.29e-09,0.213,0.5433090136018466,1.0,ANC_GME,HP:0005978,C0011860
rs12244851,Type 2 diabetes,0.37,1.86e-08,0.204,0.5203522947172615,1.0,ANC_GME,HP:0005978,C0011860
rs4267006,Type 2 diabetes,0.289,7.06e-08,0.207,0.5280045343454566,1.0,ANC_GME,HP:0005978,C0011860
rs117310449,Alzheimer's disease,0.0169,3.25837e-115,0.7701,0.3821077760469754,1.0,ANC_EUR,HP:0002511,C0002395
rs6733839,Alzheimer's disease,0.3891,6.48037e-90,0.1686,0.0836558512420725,1.0,ANC_EUR,HP:0002511,C0002395
rs61679753,Alzheimer's disease,0.0297,2.27877e-83,-0.5412,0.2685323054104961,0.0,ANC_EUR,HP:0002511,C0002395
rs148601586,Alzheimer's disease,0.0145,2.7239600000000003e-70,0.6483,0.3216731219468304,1.0,ANC_EUR,HP:0002511,C0002395
rs365653,Alzheimer's disease,0.1082,1.84799e-68,-0.256,0.1270219330840484,0.0,ANC_EUR,HP:0002511,C0002395
rs10792832,Alzheimer's disease,0.6422,6.33432e-36,0.1056,0.0523965473971699,1.0,ANC_EUR,HP:0002511,C0002395
rs1532276,Alzheimer's disease,0.6082,2.14882e-33,0.1003,0.0497667964387892,1.0,ANC_EUR,HP:0002511,C0002395
rs6656401,Alzheimer's disease,0.8119,2.83727e-33,-0.1253,0.0621712820915284,0.0,ANC_EUR,HP:0002511,C0002395
rs12151021,Alzheimer's disease,0.6643,4.08884e-30,-0.1055,0.052346929454559,0.0,ANC_EUR,HP:0002511,C0002395
rs112481437,Alzheimer's disease,0.0281,4.86295e-26,0.2935,0.1456286615631571,1.0,ANC_EUR,HP:0002511,C0002395
rs1582763,Alzheimer's disease,0.371,1.65386e-24,-0.086,0.0426714306454225,0.0,ANC_EUR,HP:0002511,C0002395
rs117618017,Alzheimer's disease,0.1439,1.7458199999999998e-21,0.113,0.0560682751503807,1.0,ANC_EUR,HP:0002511,C0002395
rs143332484,Alzheimer's disease,0.0126,6.03532e-19,0.3346,0.1660216359762601,1.0,ANC_EUR,HP:0002511,C0002395
rs7384878,Alzheimer's disease,0.69,2.1330400000000002e-18,0.0775,0.0384539055234912,1.0,ANC_EUR,HP:0002511,C0002395
rs10933431,Alzheimer's disease,0.7657,1.04304e-17,0.0852,0.0422744871045348,1.0,ANC_EUR,HP:0002511,C0002395
rs35472547,Alzheimer's disease,0.1634,4.26481e-17,-0.0954,0.0473355172508524,0.0,ANC_EUR,HP:0002511,C0002395
rs4292,Alzheimer's disease,0.617,3.47376e-16,0.0688,0.034137144516338,1.0,ANC_EUR,HP:0002511,C0002395
rs11769559,Alzheimer's disease,0.4059,3.99669e-16,-0.0695,0.0344844701146147,0.0,ANC_EUR,HP:0002511,C0002395
rs6014724,Alzheimer's disease,0.0898,4.83727e-16,-0.1176,0.0583507005104847,0.0,ANC_EUR,HP:0002511,C0002395
rs12590654,Alzheimer's disease,0.3279,2.07683e-15,-0.0693,0.0343852342293928,0.0,ANC_EUR,HP:0002511,C0002395
rs11218343,Alzheimer's disease,0.039,1.00995e-14,-0.1654,0.0820680770785219,0.0,ANC_EUR,HP:0002511,C0002395
rs6586028,Alzheimer's disease,0.8036,1.32892e-14,0.0791,0.0392477926052665,1.0,ANC_EUR,HP:0002511,C0002395
rs755951,Alzheimer's disease,0.4121,7.04044e-14,0.0618,0.030663888533571,1.0,ANC_EUR,HP:0002511,C0002395
rs62375397,Alzheimer's disease,0.2104,8.57828e-14,0.0746,0.0370149851877734,1.0,ANC_EUR,HP:0002511,C0002395
rs9676738,Alzheimer's disease,0.0419,1.24394e-13,0.1689,0.0838047050699054,1.0,ANC_EUR,HP:0002511,C0002395
rs6846529,Alzheimer's disease,0.7174,1.25199e-13,-0.0673,0.0333928753771736,0.0,ANC_EUR,HP:0002511,C0002395
rs1385742,Alzheimer's disease,0.6428,4.68598e-13,-0.0624,0.0309615961892368,0.0,ANC_EUR,HP:0002511,C0002395
rs57402520,Alzheimer's disease,0.1217,6.58567e-13,0.0905,0.0449042380629155,1.0,ANC_EUR,HP:0002511,C0002395
rs5848,Alzheimer's disease,0.2886,1.7559e-12,0.0646,0.0320531909266778,1.0,ANC_EUR,HP:0002511,C0002395
rs12444183,Alzheimer's disease,0.6128,2.20699e-12,0.0591,0.0293242040830752,1.0,ANC_EUR,HP:0002511,C0002395
rs7912495,Alzheimer's disease,0.4619,2.86616e-12,0.0572,0.028381463173467,1.0,ANC_EUR,HP:0002511,C0002395
rs34173062,Alzheimer's disease,0.0814,2.93427e-12,0.1139,0.0565148366338793,1.0,ANC_EUR,HP:0002511,C0002395
rs11500477,Alzheimer's disease,0.3747,3.27718e-12,0.0585,0.0290264964274095,1.0,ANC_EUR,HP:0002511,C0002395
rs113706587,Alzheimer's disease,0.1103,3.37987e-12,0.0925,0.0458965969151346,1.0,ANC_EUR,HP:0002511,C0002395
rs1140239,Alzheimer's disease,0.3789,4.61318e-12,-0.0592,0.0293738220256862,0.0,ANC_EUR,HP:0002511,C0002395
rs593742,Alzheimer's disease,0.2948,1.04208e-11,-0.061,0.0302669449926834,0.0,ANC_EUR,HP:0002511,C0002395
rs4714447,Alzheimer's disease,0.3449,1.72902e-11,0.0578,0.0286791708291328,1.0,ANC_EUR,HP:0002511,C0002395
rs74685827,Alzheimer's disease,0.0186,8.6278e-11,0.1964,0.0974496392879184,1.0,ANC_EUR,HP:0002511,C0002395
rs28577986,Alzheimer's disease,0.2632,3.38003e-10,0.0698,0.0346333239424475,1.0,ANC_EUR,HP:0002511,C0002395
rs3822030,Alzheimer's disease,0.5712,5.03605e-10,0.0514,0.0255036225020316,1.0,ANC_EUR,HP:0002511,C0002395
rs17125924,Alzheimer's disease,0.0892,5.81902e-10,0.0881,0.0437134074402526,1.0,ANC_EUR,HP:0002511,C0002395
rs190651665,Alzheimer's disease,0.0299,8.37105e-10,-0.1598,0.0792894722923083,0.0,ANC_EUR,HP:0002511,C0002395
rs2154481,Alzheimer's disease,0.5236,1.017e-09,0.05,0.0248089713054782,1.0,ANC_EUR,HP:0002511,C0002395
rs2830489,Alzheimer's disease,0.2809,1.71799e-09,-0.0547,0.0271410146081931,0.0,ANC_EUR,HP:0002511,C0002395
rs4734295,Alzheimer's disease,0.4606,1.97501e-09,0.0487,0.0241639380515357,1.0,ANC_EUR,HP:0002511,C0002395
rs74504435,Alzheimer's disease,0.0935,2.04602e-09,-0.0842,0.0417783076784253,0.0,ANC_EUR,HP:0002511,C0002395
rs199451,Alzheimer's disease,0.2119,2.62301e-09,-0.0594,0.0294730579109081,0.0,ANC_EUR,HP:0002511,C0002395
rs1065712,Alzheimer's disease,0.053,5.46198e-09,0.1081,0.0536369959624438,1.0,ANC_EUR,HP:0002511,C0002395
rs149080927,Alzheimer's disease,0.5198,6.14299e-09,-0.0535,0.0265455992968616,0.0,ANC_EUR,HP:0002511,C0002395
rs7068231,Alzheimer's disease,0.5974,6.78907e-09,0.0487,0.0241639380515357,1.0,ANC_EUR,HP:0002511,C0002395
rs1799777,Alzheimer's disease,0.1294,9.53806e-09,0.0708,0.0351295033685571,1.0,ANC_EUR,HP:0002511,C0002395
rs2070901,Alzheimer's disease,0.265,1.196e-08,-0.0527,0.026148655755974,0.0,ANC_EUR,HP:0002511,C0002395
rs74745468,Alzheimer's disease,0.0875,1.39601e-08,0.0822,0.0407859488262061,1.0,ANC_EUR,HP:0002511,C0002395
rs1693551,Alzheimer's disease,0.4672,1.78501e-08,0.0459,0.022774635658429,1.0,ANC_EUR,HP:0002511,C0002395
rs4485362,Alzheimer's disease,0.4604,1.99701e-08,-0.0463,0.0229731074288728,0.0,ANC_EUR,HP:0002511,C0002395
rs11495981,Alzheimer's disease,0.2094,2.10499e-08,-0.0561,0.0278356658047465,0.0,ANC_EUR,HP:0002511,C0002395
rs61762319,Alzheimer's disease,0.0263,2.142e-08,0.143,0.0709536579336676,1.0,ANC_EUR,HP:0002511,C0002395
rs976271,Alzheimer's disease,0.3613,3.23497e-08,0.0467,0.0231715791993166,1.0,ANC_EUR,HP:0002511,C0002395
rs2526377,Alzheimer's disease,0.4449,4.10696e-08,-0.0452,0.0224273100601523,0.0,ANC_EUR,HP:0002511,C0002395
rs429358,Alzheimer's disease,0.7972,1.0000000000000001e-71,-0.8137000060451116,0.4037412020248124,0.0,ANC_AMR,HP:0002511,C0002395
rs111486601,Alzheimer's disease,0.0391,5e-10,-0.8256000007671602,0.4096457345767053,0.0,ANC_AMR,HP:0002511,C0002395
rs73978419,Alzheimer's disease,0.0383,2e-08,-0.7508000224916738,0.3725315242829666,0.0,ANC_AMR,HP:0002511,C0002395
rs573965918,Alzheimer's disease,0.0092,5e-08,1.176300010152551,0.5836558639701673,1.0,ANC_AMR,HP:0002511,C0002395
rs535031114,Alzheimer's disease,0.9968,6e-08,-2.0153999690006983,1.0,0.0,ANC_AMR,HP:0002511,C0002395
rs141318641,Alzheimer's disease,0.9939,7e-08,-1.455199993555136,0.7220402976768289,0.0,ANC_AMR,HP:0002511,C0002395
rs114755996,Alzheimer's disease,0.0084,9e-08,1.177100034168194,0.584052819427123,1.0,ANC_AMR,HP:0002511,C0002395
rs62117161,Alzheimer's disease,0.8504,3e-09,-0.4827000487513382,0.2395058331724976,0.0,ANC_EAS,HP:0002511,C0002395
rs67191673,Alzheimer's disease,0.731,2e-08,-0.4549000250860243,0.2257120333844099,0.0,ANC_EAS,HP:0002511,C0002395
rs57282253,Alzheimer's disease,0.0345,9e-08,1.4998999500498325,0.7442194964374899,1.0,ANC_EAS,HP:0002511,C0002395
